word,count,weight
and,169,5.69215%
data,104,3.50286%
to,93,3.13236%
the,69,2.32401%
for,56,1.88615%
using,54,1.81879%
in,51,1.71775%
Spark,46,1.54934%
on,41,1.38093%
of,40,1.34725%
HDFS,34,1.14516%
from,32,1.07780%
Hive,32,1.07780%
Hadoop,30,1.01044%
a,28,0.94307%
with,25,0.84203%
SQL,24,0.80835%
Kafka,23,0.77467%
cluster,21,0.70730%
into,20,0.67362%
Sqoop,18,0.60626%
Data,17,0.57258%
Worked,16,0.53890%
Oozie,15,0.50522%
Pig,14,0.47153%
processing,12,0.40417%
Apache,12,0.40417%
time,12,0.40417%
Used,12,0.40417%
ETL,11,0.37049%
queries,11,0.37049%
various,10,0.33681%
Created,10,0.33681%
management,10,0.33681%
Python,10,0.33681%
Developed,10,0.33681%
Streaming,10,0.33681%
files,9,0.30313%
Experience,9,0.30313%
I,9,0.30313%
Flume,9,0.30313%
AWS,9,0.30313%
performance,8,0.26945%
real,8,0.26945%
workflows,8,0.26945%
Zeppelin,8,0.26945%
Apple,8,0.26945%
big,8,0.26945%
jobs,8,0.26945%
tables,8,0.26945%
as,7,0.23576%
Environment,7,0.23576%
business,7,0.23576%
tuning,7,0.23576%
Server,7,0.23576%
analysis,7,0.23576%
systems,6,0.20208%
that,6,0.20208%
database,6,0.20208%
Tableau,6,0.20208%
used,6,0.20208%
API,6,0.20208%
log,6,0.20208%
MongoDB,6,0.20208%
Implemented,6,0.20208%
reports,6,0.20208%
is,6,0.20208%
Cloudera,6,0.20208%
based,6,0.20208%
system,6,0.20208%
MySQL,6,0.20208%
scripts,5,0.16840%
sources,5,0.16840%
which,5,0.16840%
Designed,5,0.16840%
development,5,0.16840%
large,5,0.16840%
Engineer,5,0.16840%
Involved,5,0.16840%
Oracle,5,0.16840%
Azkaban,5,0.16840%
Scala,5,0.16840%
analytics,5,0.16840%
different,5,0.16840%
May,5,0.16840%
structured,5,0.16840%
between,5,0.16840%
Installed,5,0.16840%
Kerberos,5,0.16840%
test,5,0.16840%
Sentry,5,0.16840%
HBase,5,0.16840%
RDDs,5,0.16840%
application,5,0.16840%
databases,5,0.16840%
dashboards,5,0.16840%
Design,4,0.13472%
quality,4,0.13472%
an,4,0.13472%
process,4,0.13472%
Wrote,4,0.13472%
script,4,0.13472%
s,4,0.13472%
Performed,4,0.13472%
servers,4,0.13472%
experience,4,0.13472%
testing,4,0.13472%
Cassandra,4,0.13472%
SSIS,4,0.13472%
use,4,0.13472%
Zookeeper,4,0.13472%
run,4,0.13472%
distributed,4,0.13472%
This,4,0.13472%
Teradata,4,0.13472%
day,4,0.13472%
multiple,4,0.13472%
code,4,0.13472%
stream,4,0.13472%
streaming,4,0.13472%
Storm,4,0.13472%
transformations,4,0.13472%
complex,4,0.13472%
building,4,0.13472%
Database,4,0.13472%
workflow,4,0.13472%
tools,3,0.10104%
pipelines,3,0.10104%
Impala,3,0.10104%
Cloud,3,0.10104%
proprietary,3,0.10104%
Integrated,3,0.10104%
external,3,0.10104%
them,3,0.10104%
managed,3,0.10104%
metrics,3,0.10104%
2012,3,0.10104%
implementation,3,0.10104%
through,3,0.10104%
custom,3,0.10104%
applications,3,0.10104%
Talend,3,0.10104%
Virtual,3,0.10104%
Monitoring,3,0.10104%
Built,3,0.10104%
processes,3,0.10104%
APIs,3,0.10104%
creating,3,0.10104%
Performance,3,0.10104%
worked,3,0.10104%
transfer,3,0.10104%
made,3,0.10104%
flow,3,0.10104%
ingestion,3,0.10104%
HIVE,3,0.10104%
Queries,3,0.10104%
effective,3,0.10104%
ensure,3,0.10104%
scheduling,3,0.10104%
DataFrames,3,0.10104%
Files,3,0.10104%
administration,3,0.10104%
YARN,3,0.10104%
Informatica,3,0.10104%
EC2,3,0.10104%
repository,3,0.10104%
involved,3,0.10104%
importing,3,0.10104%
load,3,0.10104%
RDD,3,0.10104%
Configured,3,0.10104%
information,3,0.10104%
daily,3,0.10104%
automate,3,0.10104%
Imported,3,0.10104%
pipeline,3,0.10104%
further,3,0.10104%
way,3,0.10104%
driver,3,0.10104%
converting,3,0.10104%
new,3,0.10104%
S3,3,0.10104%
instances,3,0.10104%
BI,3,0.10104%
Architecture,3,0.10104%
RDBMS,3,0.10104%
Web,3,0.10104%
Big,3,0.10104%
they,3,0.10104%
joins,3,0.10104%
work,2,0.06736%
developing,2,0.06736%
Airflow,2,0.06736%
Google,2,0.06736%
Query,2,0.06736%
Administration,2,0.06736%
Developer,2,0.06736%
notes,2,0.06736%
Central,2,0.06736%
Lake,2,0.06736%
broker,2,0.06736%
clients,2,0.06736%
space,2,0.06736%
Manager,2,0.06736%
service,2,0.06736%
store,2,0.06736%
2015,2,0.06736%
Mexico,2,0.06736%
developers,2,0.06736%
engine,2,0.06736%
BB,2,0.06736%
compile,2,0.06736%
Databases,2,0.06736%
like,2,0.06736%
Views,2,0.06736%
User,2,0.06736%
variety,2,0.06736%
Gzip,2,0.06736%
On,2,0.06736%
Linux,2,0.06736%
by,2,0.06736%
changes,2,0.06736%
deploy,2,0.06736%
instance,2,0.06736%
their,2,0.06736%
authentication,2,0.06736%
secure,2,0.06736%
Load,2,0.06736%
then,2,0.06736%
services,2,0.06736%
Aug,2,0.06736%
beautifulsoup,2,0.06736%
CDC,2,0.06736%
Privileges,2,0.06736%
am,2,0.06736%
we,2,0.06736%
extract,2,0.06736%
this,2,0.06736%
end,2,0.06736%
Snappy,2,0.06736%
deploying,2,0.06736%
Nodes,2,0.06736%
Camel,2,0.06736%
NoSQL,2,0.06736%
source,2,0.06736%
live,2,0.06736%
schema,2,0.06736%
Migrated,2,0.06736%
programs,2,0.06736%
framework,2,0.06736%
Cluster,2,0.06736%
writing,2,0.06736%
Scheduled,2,0.06736%
hive,2,0.06736%
Services,2,0.06736%
execution,2,0.06736%
Partitioning,2,0.06736%
Dynamic,2,0.06736%
Collections,2,0.06736%
Security,2,0.06736%
our,2,0.06736%
5,2,0.06736%
Ecosystem,2,0.06736%
JSON,2,0.06736%
including,2,0.06736%
Reporting,2,0.06736%
Log,2,0.06736%
XML,2,0.06736%
environment,2,0.06736%
Connect,2,0.06736%
node,2,0.06736%
Clusters,2,0.06736%
libraries,2,0.06736%
better,2,0.06736%
setting,2,0.06736%
develop,2,0.06736%
travel,2,0.06736%
running,2,0.06736%
Buckets,2,0.06736%
Table,2,0.06736%
years,2,0.06736%
design,2,0.06736%
have,2,0.06736%
export,2,0.06736%
Hbase,2,0.06736%
EMR,2,0.06736%
Development,2,0.06736%
focused,2,0.06736%
team,2,0.06736%
transformed,2,0.06736%
platform,2,0.06736%
job,2,0.06736%
Availability,2,0.06736%
bucket,2,0.06736%
executed,2,0.06736%
requirements,2,0.06736%
coordinating,2,0.06736%
reporting,2,0.06736%
developed,2,0.06736%
System,2,0.06736%
environments,2,0.06736%
be,2,0.06736%
build,2,0.06736%
EDS,2,0.06736%
staging,2,0.06736%
Responsible,2,0.06736%
Falcon,2,0.06736%
Anaconda,2,0.06736%
Storage,2,0.06736%
Transform,2,0.06736%
program,2,0.06736%
faster,2,0.06736%
handling,2,0.06736%
partitioning,2,0.06736%
memory,2,0.06736%
PayBook,2,0.06736%
Ovation,2,0.06736%
configured,2,0.06736%
Partitions,2,0.06736%
T,2,0.06736%
server,2,0.06736%
make,2,0.06736%
working,2,0.06736%
Participated,2,0.06736%
providing,2,0.06736%
Parquet,2,0.06736%
nodes,2,0.06736%
configuration,2,0.06736%
POC,2,0.06736%
HTML,2,0.06736%
project,2,0.06736%
The,2,0.06736%
support,2,0.06736%
change,2,0.06736%
2016,2,0.06736%
optimization,2,0.06736%
storage,2,0.06736%
CDH,2,0.06736%
disk,2,0.06736%
troubleshooting,2,0.06736%
clusters,2,0.06736%
hoc,2,0.06736%
correct,2,0.06736%
Source,2,0.06736%
import,2,0.06736%
via,2,0.06736%
HiveQL,2,0.06736%
storing,2,0.06736%
cloud,2,0.06736%
regular,2,0.06736%
visualizations,2,0.06736%
2010,2,0.06736%
subqueries,2,0.06736%
platforms,2,0.06736%
Presto,2,0.06736%
file,2,0.06736%
Avro,2,0.06736%
its,2,0.06736%
Amazon,2,0.06736%
Jan,2,0.06736%
users,2,0.06736%
one,2,0.06736%
Dec,2,0.06736%
Predictix,2,0.06736%
bucketing,2,0.06736%
advanced,2,0.06736%
ad,2,0.06736%
report,2,0.06736%
per,2,0.06736%
loaded,2,0.06736%
or,2,0.06736%
Replication,2,0.06736%
TDE,2,0.06736%
economy,1,0.03368%
Professional,1,0.03368%
10,1,0.03368%
delivery,1,0.03368%
roadmaps,1,0.03368%
metadata,1,0.03368%
are,1,0.03368%
tune,1,0.03368%
ecosystems,1,0.03368%
but,1,0.03368%
Technical,1,0.03368%
Hortonworks,1,0.03368%
Scriptella,1,0.03368%
Ketl,1,0.03368%
Solr,1,0.03368%
Visio,1,0.03368%
OS,1,0.03368%
AWS3,1,0.03368%
Route,1,0.03368%
Heroku,1,0.03368%
customer,1,0.03368%
centered,1,0.03368%
con,1,0.03368%
schedulers,1,0.03368%
where,1,0.03368%
set,1,0.03368%
2017,1,0.03368%
Atlanta,1,0.03368%
consulting,1,0.03368%
investments,1,0.03368%
Designing,1,0.03368%
4,1,0.03368%
Monitors,1,0.03368%
installation,1,0.03368%
cases,1,0.03368%
self,1,0.03368%
manager,1,0.03368%
Steaming,1,0.03368%
g,1,0.03368%
Batch,1,0.03368%
Interval,1,0.03368%
Machine,1,0.03368%
USA,1,0.03368%
cards,1,0.03368%
analyst,1,0.03368%
independently,1,0.03368%
imported,1,0.03368%
format,1,0.03368%
HTTP,1,0.03368%
requests,1,0.03368%
python,1,0.03368%
blocks,1,0.03368%
Enabled,1,0.03368%
UDFs,1,0.03368%
Integration,1,0.03368%
20,1,0.03368%
Production,1,0.03368%
2014,1,0.03368%
travelers,1,0.03368%
task,1,0.03368%
archival,1,0.03368%
transferred,1,0.03368%
stored,1,0.03368%
social,1,0.03368%
datasets,1,0.03368%
backed,1,0.03368%
parquet,1,0.03368%
schedule,1,0.03368%
Salem,1,0.03368%
N,1,0.03368%
risk,1,0.03368%
guide,1,0.03368%
State,1,0.03368%
policy,1,0.03368%
dashboard,1,0.03368%
Scheduler,1,0.03368%
versa,1,0.03368%
hardware,1,0.03368%
SQLBI,1,0.03368%
constraints,1,0.03368%
Comparison,1,0.03368%
Test,1,0.03368%
results,1,0.03368%
send,1,0.03368%
Create,1,0.03368%
against,1,0.03368%
Sources,1,0.03368%
billing,1,0.03368%
derived,1,0.03368%
Synonyms,1,0.03368%
Mirroring,1,0.03368%
production,1,0.03368%
Contained,1,0.03368%
Encryption,1,0.03368%
roles,1,0.03368%
Maintenance,1,0.03368%
Monitor,1,0.03368%
2008R2,1,0.03368%
Extensive,1,0.03368%
Small,1,0.03368%
My,1,0.03368%
vast,1,0.03368%
has,1,0.03368%
budget,1,0.03368%
Significant,1,0.03368%
migration,1,0.03368%
UI,1,0.03368%
efficient,1,0.03368%
existing,1,0.03368%
integrating,1,0.03368%
transformation,1,0.03368%
Excellent,1,0.03368%
such,1,0.03368%
hands,1,0.03368%
ecosystem,1,0.03368%
Tools,1,0.03368%
Heka,1,0.03368%
PDI,1,0.03368%
Protection,1,0.03368%
Planning,1,0.03368%
Cycle,1,0.03368%
SmartDraw,1,0.03368%
Compression,1,0.03368%
NAS,1,0.03368%
2018,1,0.03368%
Notebook,1,0.03368%
pro,1,0.03368%
7,1,0.03368%
control,1,0.03368%
every,1,0.03368%
schedules,1,0.03368%
modules,1,0.03368%
Fetching,1,0.03368%
DB2,1,0.03368%
complete,1,0.03368%
upstream,1,0.03368%
marketing,1,0.03368%
Optimization,1,0.03368%
Sqooping,1,0.03368%
apply,1,0.03368%
generic,1,0.03368%
High,1,0.03368%
Node,1,0.03368%
e,1,0.03368%
selection,1,0.03368%
Graph,1,0.03368%
implemented,1,0.03368%
flowing,1,0.03368%
pulling,1,0.03368%
compress,1,0.03368%
Greatly,1,0.03368%
Deployed,1,0.03368%
create,1,0.03368%
containing,1,0.03368%
cost,1,0.03368%
technologies,1,0.03368%
media,1,0.03368%
tool,1,0.03368%
Using,1,0.03368%
monitored,1,0.03368%
Consumed,1,0.03368%
HDF,1,0.03368%
Winston,1,0.03368%
solutions,1,0.03368%
Working,1,0.03368%
Pair,1,0.03368%
spark,1,0.03368%
Connection,1,0.03368%
calculations,1,0.03368%
manipulate,1,0.03368%
timely,1,0.03368%
Moving,1,0.03368%
Successfully,1,0.03368%
side,1,0.03368%
Relationship,1,0.03368%
SSDT,1,0.03368%
content,1,0.03368%
defect,1,0.03368%
Monthly,1,0.03368%
interactive,1,0.03368%
Power,1,0.03368%
utilization,1,0.03368%
materialized,1,0.03368%
Plans,1,0.03368%
topologies,1,0.03368%
features,1,0.03368%
AlwaysOn,1,0.03368%
2008,1,0.03368%
Education,1,0.03368%
Southern,1,0.03368%
IL,1,0.03368%
at,1,0.03368%
architectures,1,0.03368%
projects,1,0.03368%
sets,1,0.03368%
high,1,0.03368%
clear,1,0.03368%
phases,1,0.03368%
expertise,1,0.03368%
Vertica,1,0.03368%
enterprise,1,0.03368%
orchestrating,1,0.03368%
limited,1,0.03368%
Languages,1,0.03368%
Azure,1,0.03368%
Warehouse,1,0.03368%
Atom,1,0.03368%
Logstash,1,0.03368%
Kettle,1,0.03368%
CloverETL,1,0.03368%
DataCleaner,1,0.03368%
Pipeline,1,0.03368%
Pantaho,1,0.03368%
ZooKeeper,1,0.03368%
OmniGraffle,1,0.03368%
PostgreSQL,1,0.03368%
Network,1,0.03368%
Servers,1,0.03368%
around,1,0.03368%
similar,1,0.03368%
three,1,0.03368%
0,1,0.03368%
version,1,0.03368%
moves,1,0.03368%
zip,1,0.03368%
polls,1,0.03368%
Station,1,0.03368%
starting,1,0.03368%
improve,1,0.03368%
several,1,0.03368%
success,1,0.03368%
model,1,0.03368%
Active,1,0.03368%
Modelling,1,0.03368%
R,1,0.03368%
lab,1,0.03368%
availability,1,0.03368%
Workflows,1,0.03368%
specific,1,0.03368%
300GB,1,0.03368%
stress,1,0.03368%
Executed,1,0.03368%
Loading,1,0.03368%
NY,1,0.03368%
professional,1,0.03368%
designed,1,0.03368%
jar,1,0.03368%
installed,1,0.03368%
DynamoDB,1,0.03368%
JDBC,1,0.03368%
rate,1,0.03368%
consumer,1,0.03368%
planning,1,0.03368%
migrate,1,0.03368%
benefit,1,0.03368%
helping,1,0.03368%
organizing,1,0.03368%
DB,1,0.03368%
2013,1,0.03368%
C,1,0.03368%
scalable,1,0.03368%
expression,1,0.03368%
Creating,1,0.03368%
output,1,0.03368%
meet,1,0.03368%
filters,1,0.03368%
created,1,0.03368%
chart,1,0.03368%
basis,1,0.03368%
Collected,1,0.03368%
amounts,1,0.03368%
applied,1,0.03368%
assure,1,0.03368%
links,1,0.03368%
managers,1,0.03368%
customize,1,0.03368%
minutes,1,0.03368%
browser,1,0.03368%
2007,1,0.03368%
Florida,1,0.03368%
accounts,1,0.03368%
functions,1,0.03368%
views,1,0.03368%
implementing,1,0.03368%
capture,1,0.03368%
online,1,0.03368%
Long,1,0.03368%
integrated,1,0.03368%
Enterprise,1,0.03368%
Standards,1,0.03368%
VMWare,1,0.03368%
University,1,0.03368%
Certifications,1,0.03368%
excited,1,0.03368%
been,1,0.03368%
architecture,1,0.03368%
unique,1,0.03368%
driven,1,0.03368%
capability,1,0.03368%
Able,1,0.03368%
initiatives,1,0.03368%
built,1,0.03368%
EBI,1,0.03368%
it,1,0.03368%
moving,1,0.03368%
Compressions,1,0.03368%
Ranger,1,0.03368%
Framework,1,0.03368%
Skills,1,0.03368%
Types,1,0.03368%
Patnab,1,0.03368%
Drill,1,0.03368%
Prem,1,0.03368%
Alchemy,1,0.03368%
Bootstrap,1,0.03368%
In,1,0.03368%
Supported,1,0.03368%
REST,1,0.03368%
another,1,0.03368%
uploads,1,0.03368%
runs,1,0.03368%
producer,1,0.03368%
get,1,0.03368%
GA,1,0.03368%
exporting,1,0.03368%
filesystem,1,0.03368%
connectivity,1,0.03368%
failure,1,0.03368%
managing,1,0.03368%
monitoring,1,0.03368%
critical,1,0.03368%
level,1,0.03368%
done,1,0.03368%
For,1,0.03368%
case,1,0.03368%
Learning,1,0.03368%
Algorithms,1,0.03368%
Austin,1,0.03368%
handles,1,0.03368%
doing,1,0.03368%
modeling,1,0.03368%
automation,1,0.03368%
aggregation,1,0.03368%
42GB,1,0.03368%
volume,1,0.03368%
York,1,0.03368%
firm,1,0.03368%
drive,1,0.03368%
verify,1,0.03368%
churn,1,0.03368%
optimal,1,0.03368%
Balanced,1,0.03368%
Fashioned,1,0.03368%
beta,1,0.03368%
pig,1,0.03368%
Dynamo,1,0.03368%
well,1,0.03368%
objective,1,0.03368%
inform,1,0.03368%
Bucket,1,0.03368%
Generic,1,0.03368%
also,1,0.03368%
efficiently,1,0.03368%
organization,1,0.03368%
Sep,1,0.03368%
Bentonville,1,0.03368%
product,1,0.03368%
any,1,0.03368%
Flat,1,0.03368%
Effectively,1,0.03368%
Functions,1,0.03368%
replication,1,0.03368%
Always,1,0.03368%
shipping,1,0.03368%
index,1,0.03368%
Exception,1,0.03368%
Locks,1,0.03368%
2005,1,0.03368%
Native,1,0.03368%
Entrepreneurial,1,0.03368%
name,1,0.03368%
continually,1,0.03368%
amazed,1,0.03368%
value,1,0.03368%
become,1,0.03368%
Accustomed,1,0.03368%
procedures,1,0.03368%
strategic,1,0.03368%
customizations,1,0.03368%
formats,1,0.03368%
Scrapers,1,0.03368%
ORC,1,0.03368%
CSS,1,0.03368%
JavaScript,1,0.03368%
53,1,0.03368%
App,1,0.03368%
handshake,1,0.03368%
Provided,1,0.03368%
Platform,1,0.03368%
commits,1,0.03368%
go,1,0.03368%
Handling,1,0.03368%
streamlining,1,0.03368%
mechanisms,1,0.03368%
both,1,0.03368%
upgrading,1,0.03368%
security,1,0.03368%
operations,1,0.03368%
techniques,1,0.03368%
right,1,0.03368%
continuous,1,0.03368%
Ambari,1,0.03368%
companies,1,0.03368%
warehouse,1,0.03368%
Mentored,1,0.03368%
incremental,1,0.03368%
loads,1,0.03368%
automated,1,0.03368%
loading,1,0.03368%
closely,1,0.03368%
corporate,1,0.03368%
agency,1,0.03368%
do,1,0.03368%
related,1,0.03368%
centers,1,0.03368%
shell,1,0.03368%
tasks,1,0.03368%
Extracted,1,0.03368%
reduce,1,0.03368%
Transferred,1,0.03368%
was,1,0.03368%
cleaning,1,0.03368%
Context,1,0.03368%
SQOOP,1,0.03368%
aggregated,1,0.03368%
referential,1,0.03368%
integrity,1,0.03368%
join,1,0.03368%
conditions,1,0.03368%
Product,1,0.03368%
Testing,1,0.03368%
standardization,1,0.03368%
formatted,1,0.03368%
Beach,1,0.03368%
Indexes,1,0.03368%
Analytical,1,0.03368%
Materialized,1,0.03368%
documenting,1,0.03368%
Recovery,1,0.03368%
Transparent,1,0.03368%
Defined,1,0.03368%
Expertise,1,0.03368%
Dead,1,0.03368%
Hands,1,0.03368%
controlling,1,0.03368%
Audit,1,0.03368%
issues,1,0.03368%
Bachelor,1,0.03368%
Science,1,0.03368%
Jeffrey,1,0.03368%
difference,1,0.03368%
crucial,1,0.03368%
part,1,0.03368%
ensuring,1,0.03368%
highest,1,0.03368%
collecting,1,0.03368%
scale,1,0.03368%
Strong,1,0.03368%
Datasets,1,0.03368%
Systems,1,0.03368%
Infrastructure,1,0.03368%
Hue,1,0.03368%
Fivetran,1,0.03368%
Wainpure,1,0.03368%
OpenRefine,1,0.03368%
Drake,1,0.03368%
ELK,1,0.03368%
Architectural,1,0.03368%
Microsoft,1,0.03368%
Gliffy,1,0.03368%
Conversion,1,0.03368%
SAN,1,0.03368%
jQuery,1,0.03368%
Ubuntu,1,0.03368%
Sunnyvale,1,0.03368%
connectors,1,0.03368%
Evaluated,1,0.03368%
3,1,0.03368%
re,1,0.03368%
table,1,0.03368%
healthcare,1,0.03368%
semi,1,0.03368%
backup,1,0.03368%
Director,1,0.03368%
Resource,1,0.03368%
Directory,1,0.03368%
enabled,1,0.03368%
sink,1,0.03368%
dataset,1,0.03368%
receive,1,0.03368%
ML,1,0.03368%
PIG,1,0.03368%
banks,1,0.03368%
credit,1,0.03368%
US,1,0.03368%
extensively,1,0.03368%
Extensively,1,0.03368%
gets,1,0.03368%
transform,1,0.03368%
relational,1,0.03368%
250,1,0.03368%
number,1,0.03368%
Migration,1,0.03368%
Handled,1,0.03368%
TB,1,0.03368%
120,1,0.03368%
appropriate,1,0.03368%
analyze,1,0.03368%
websites,1,0.03368%
disparate,1,0.03368%
prototype,1,0.03368%
determine,1,0.03368%
tuned,1,0.03368%
up,1,0.03368%
meta,1,0.03368%
topics,1,0.03368%
whole,1,0.03368%
Scooped,1,0.03368%
over,1,0.03368%
36TB,1,0.03368%
scheduler,1,0.03368%
here,1,0.03368%
order,1,0.03368%
varies,1,0.03368%
sourced,1,0.03368%
types,1,0.03368%
manner,1,0.03368%
Walmart,1,0.03368%
software,1,0.03368%
inventory,1,0.03368%
forecasting,1,0.03368%
Model,1,0.03368%
comparing,1,0.03368%
updating,1,0.03368%
correlated,1,0.03368%
fetch,1,0.03368%
maintained,1,0.03368%
logs,1,0.03368%
Weekly,1,0.03368%
drag,1,0.03368%
drop,1,0.03368%
method,1,0.03368%
access,1,0.03368%
Light,1,0.03368%
sensors,1,0.03368%
Degree,1,0.03368%
Business,1,0.03368%
Computer,1,0.03368%
Reiher,1,0.03368%
society,1,0.03368%
Summary,1,0.03368%
Of,1,0.03368%
near,1,0.03368%
performant,1,0.03368%
Qubole,1,0.03368%
optimize,1,0.03368%
Use,1,0.03368%
knowledge,1,0.03368%
ElasticCloud,1,0.03368%
Apatar,1,0.03368%
Stitch,1,0.03368%
Jaspersoft,1,0.03368%
Cleaning,1,0.03368%
Analytics,1,0.03368%
ElastiSearch,1,0.03368%
Extraction,1,0.03368%
SES,1,0.03368%
Present,1,0.03368%
CA,1,0.03368%
lent,1,0.03368%
Managed,1,0.03368%
due,1,0.03368%
ticket,1,0.03368%
failed,1,0.03368%
Transfered,1,0.03368%
Moved,1,0.03368%
connect,1,0.03368%
bring,1,0.03368%
help,1,0.03368%
ROI,1,0.03368%
Automate,1,0.03368%
aggregations,1,0.03368%
before,1,0.03368%
Harden,1,0.03368%
Authentication,1,0.03368%
capacity,1,0.03368%
benchmarking,1,0.03368%
performed,1,0.03368%
traditional,1,0.03368%
TX,1,0.03368%
administered,1,0.03368%
financial,1,0.03368%
search,1,0.03368%
partitioned,1,0.03368%
cleansing,1,0.03368%
coordinators,1,0.03368%
call,1,0.03368%
coalesce,1,0.03368%
000,1,0.03368%
protection,1,0.03368%
move,1,0.03368%
diff,1,0.03368%
New,1,0.03368%
efficiencies,1,0.03368%
image,1,0.03368%
scripting,1,0.03368%
read,1,0.03368%
translate,1,0.03368%
sandbox,1,0.03368%
upgrades,1,0.03368%
logical,1,0.03368%
queue,1,0.03368%
invoke,1,0.03368%
lending,1,0.03368%
sure,1,0.03368%
generate,1,0.03368%
connections,1,0.03368%
attributes,1,0.03368%
vice,1,0.03368%
Analyst,1,0.03368%
AR,1,0.03368%
querying,1,0.03368%
indexes,1,0.03368%
checks,1,0.03368%
TFS,1,0.03368%
integration,1,0.03368%
remote,1,0.03368%
showing,1,0.03368%
diverse,1,0.03368%
group,1,0.03368%
share,1,0.03368%
simple,1,0.03368%
tablet,1,0.03368%
ran,1,0.03368%
Index,1,0.03368%
VMWARE,1,0.03368%
Groups,1,0.03368%
rebuilds,1,0.03368%
PowerShell,1,0.03368%
activities,1,0.03368%
Profiler,1,0.03368%
resolve,1,0.03368%
mode,1,0.03368%
Illinois,1,0.03368%
Profile,1,0.03368%
can,1,0.03368%
contribution,1,0.03368%
Provides,1,0.03368%
future,1,0.03368%
Capable,1,0.03368%
not,1,0.03368%
Yarn,1,0.03368%
Analysis,1,0.03368%
Search,1,0.03368%
Lucene,1,0.03368%
Kibana,1,0.03368%
Virtualization,1,0.03368%
Lucidchart,1,0.03368%
authenticates,1,0.03368%
LDAP,1,0.03368%
token,1,0.03368%
upload,1,0.03368%
evaluation,1,0.03368%
GBI,1,0.03368%
Notebooks,1,0.03368%
small,1,0.03368%
Committed,1,0.03368%
industries,1,0.03368%
transfers,1,0.03368%
DBs,1,0.03368%
performances,1,0.03368%
24x7,1,0.03368%
extensive,1,0.03368%
Name,1,0.03368%
Parallelism,1,0.03368%
Serialization,1,0.03368%
MYSQL,1,0.03368%
Extract,1,0.03368%
visualization,1,0.03368%
300,1,0.03368%
reduced,1,0.03368%
ease,1,0.03368%
unstructured,1,0.03368%
permissions,1,0.03368%
Travel,1,0.03368%
Connected,1,0.03368%
client,1,0.03368%
Redshift,1,0.03368%
Maintained,1,0.03368%
increasing,1,0.03368%
fashion,1,0.03368%
Acro,1,0.03368%
SQS,1,0.03368%
decisions,1,0.03368%
had,1,0.03368%
DataFrame,1,0.03368%
UDF,1,0.03368%
logic,1,0.03368%
extracting,1,0.03368%
Jul,1,0.03368%
some,1,0.03368%
Entity,1,0.03368%
Publish,1,0.03368%
detailed,1,0.03368%
could,1,0.03368%
web,1,0.03368%
Juno,1,0.03368%
FL,1,0.03368%
Disaster,1,0.03368%
Expert,1,0.03368%
SharePoint,1,0.03368%
Carbondale,1,0.03368%
Operations,1,0.03368%
