abide,2,"",82
abler,1,"",""
aboue,3,4,""
abridg,1,"",""
abroad,2,1,80
absence,1,"",2
absent,1,1,11
abuse,2,1,3
accents,1,"",""
accidentall,1,1,""
according,3,2,797
accoutred,1,"",""
acquainted,1,"",2
acrosse,1,"",""
acte,2,4,""
acted,1,1,""
acting,1,1,""
action,2,10,""
actors,1,2,""
actus,5,2,""
adde,1,"",""
added,2,"",15
adder,1,"",4
addition,1,1,1
addrest,1,"",""
aduantage,3,1,""
aeneas,1,1,2
afear,1,"",""
affabilitie,1,"",""
affayres,3,"",""
affection,1,4,6
affections,1,1,2
affraid,1,"",""
affrighted,1,1,9
againe,18,34,""
age,5,8,42
agen,2,"",""
ages,2,"",4
agree,1,"",7
ague,1,"",1
alarum,7,1,""
alarums,3,"",""
alas,8,9,20
alasse,1,"",""
alchymie,1,"",""
aliue,5,"",""
alliance,1,"",""
allow,1,1,3
alone,6,10,108
alreadie,1,"",""
alwayes,1,2,""
am,57,52,874
amaz,1,1,""
amaze,1,1,""
ambition,4,5,""
ambitions,2,"",""
ambitious,8,3,""
amisse,3,1,""
ancestor,1,"",""
ancestors,3,"",1
anchyses,1,"",""
angel,1,1,203
angell,1,2,""
anger,1,1,234
angry,5,1,44
annoy,1,"",""
annoying,1,"",""
answer,13,9,131
answere,1,4,""
answered,3,1,492
answering,1,"",31
ant,48,"",1
antonies,1,"",""
antonio,5,"",""
antony,75,"",""
apace,1,"",3
apes,1,"",2
apparant,1,"",""
apparition,1,2,""
apparrell,1,"",""
appeare,7,3,""
appeas,1,"",""
appertaine,1,"",""
appetite,1,1,4
applauses,1,"",""
apply,1,"",4
appoint,1,"",41
apprehensiue,1,"",""
apron,1,"",""
apt,3,2,4
arbors,1,"",""
arguing,1,"",1
arises,1,"",""
arm,2,4,67
arme,2,5,""
armes,4,9,""
armies,1,"",43
arming,1,"",""
army,7,"",82
arose,1,"",173
arriu,1,"",""
arriue,1,"",""
art,25,17,494
artemidorus,2,"",""
artimedorus,1,"",""
arts,1,"",1
ascend,1,"",13
ascended,1,"",19
ashamed,1,"",122
ask,1,1,109
aske,2,2,""
asleepe,2,1,""
asse,2,4,""
assemble,1,"",20
assembly,1,"",49
assur,1,2,2
assure,2,1,1
astonish,1,1,""
aswell,1,"",""
ate,1,"",3
attaine,2,"",""
attaines,1,"",""
attempt,1,"",""
attempts,1,"",""
attendants,1,2,""
attyre,1,"",""
audience,2,5,12
aueng,1,"",""
augmented,1,"",""
augurers,2,"",""
aule,1,"",""
auoyd,1,2,""
auoyded,1,"",""
awake,9,2,42
away,18,27,915
awe,3,2,3
aye,1,2,""
ayme,2,1,""
ayre,5,12,""
back,1,2,154
backe,12,6,""
bad,12,7,18
baite,1,"",""
bang,1,"",""
banish,2,"",""
banished,1,"",2
bankes,2,"",""
banquetting,1,"",""
bar,1,7,7
bargaine,1,"",""
barke,1,1,""
barren,2,1,23
barres,1,"",""
base,6,4,18
basest,1,"",2
basis,1,"",""
bastard,1,1,2
bastardie,1,"",""
batchellor,2,"",""
batchellour,1,"",""
bath,1,"",6
bathe,2,"",18
battaile,4,"",""
battailes,2,"",""
battell,3,"",""
battlements,1,1,1
bay,2,"",6
bayed,1,"",""
beads,1,"",""
beards,1,1,4
beare,23,13,""
beares,11,3,""
beast,2,5,181
beasts,2,2,156
beat,1,"",36
beaten,1,1,40
beauty,1,3,49
bed,7,13,91
bee,4,16,1
beene,7,13,""
bees,1,"",3
beest,1,"",""
befall,1,"",9
befriend,1,"",""
began,1,"",179
begg,1,"",""
begge,4,6,""
beggers,1,2,""
begin,4,6,27
beginning,1,"",106
begins,2,2,""
begun,1,4,12
behauiours,1,"",""
behinde,1,5,""
behold,4,1,1326
beholding,2,"",15
being,10,11,291
beleeue,6,17,""
belike,1,2,""
belou,1,1,""
beloued,1,"",""
benches,1,"",1
bend,3,3,8
bending,1,"",1
benefit,2,1,5
bent,2,3,8
bequeathing,1,"",""
ber,1,"",""
beseech,3,8,67
besmeare,1,"",""
best,12,11,25
bestow,2,5,9
bestride,1,"",""
bethinke,1,"",""
betimes,2,1,5
betray,1,"",18
betweene,2,15,""
beware,4,2,28
bid,17,6,17
bidding,1,"",1
bids,2,"",""
bigge,1,"",""
billes,2,"",""
billow,1,"",""
bin,3,7,""
bird,1,2,29
birds,1,1,25
birth,1,2,15
blacke,1,8,""
blame,5,4,4
blaze,1,1,1
bleed,2,1,""
bleede,1,1,""
bleeding,2,1,""
blest,1,2,""
blew,1,1,23
blockes,1,"",""
blood,24,12,447
bloodie,1,1,""
bloods,2,"",""
bloody,9,3,16
blow,1,2,39
blowes,2,2,""
blunt,2,1,1
body,13,16,175
bold,3,3,11
boldest,1,"",""
boldly,1,"",13
bolts,1,"",""
bond,4,"",19
bondage,2,"",39
bondman,3,"",6
bondmen,2,"",17
bonds,1,2,26
bones,3,4,99
booke,2,4,""
bookes,1,1,""
bootlesse,1,"",""
borne,4,8,31
bosome,3,4,""
bosomes,1,"",""
bouge,1,"",""
bound,2,5,104
bow,2,3,100
bowels,1,"",39
bowl,1,"",17
bowle,1,"",""
boy,14,3,1
br,1,"",""
braines,1,5,""
brands,2,1,1
brasse,1,"",""
brau,1,"",""
braue,5,3,""
brauely,1,"",""
brauery,1,1,""
break,2,"",140
breake,5,9,""
breast,1,"",18
breath,1,13,42
breathed,1,"",4
breathlesse,1,"",""
breed,2,2,2
breefely,4,"",""
brest,2,1,""
bribes,2,"",3
bright,1,"",29
brim,1,"",10
bring,11,12,725
brings,3,"",""
brook,1,"",39
brother,12,7,402
brothers,1,9,1
brought,5,5,863
brow,3,4,2
browes,2,1,""
bru,153,"",""
brut,37,"",""
brute,1,"",2
brutish,1,"",11
brutus,161,1,""
buffet,1,"",2
buriall,2,5,""
buried,3,6,106
burne,5,2,""
burnes,1,2,""
burneth,1,"",18
burst,1,3,9
bury,2,"",39
busie,1,1,""
businesse,4,10,""
bussling,1,"",""
butchers,2,"",""
buy,1,5,56
buzzing,1,"",""
byrth,1,"",""
caes,39,"",""
caesar,190,2,30
caesars,38,"",""
cai,5,"",""
caius,13,"",""
cal,1,2,""
calculate,1,"",""
calender,1,"",""
call,10,23,195
calles,2,1,""
calp,5,"",""
calphurnia,10,"",""
cals,1,3,""
came,7,8,2093
campe,1,"",""
can,19,35,235
cancell,1,"",""
canopy,1,1,""
capitoll,17,"",""
cappes,1,"",""
captiue,1,"",""
captiues,1,"",""
captiuitie,1,"",""
car,1,"",""
care,2,"",20
carelesly,1,"",""
cares,1,"",3
carkasse,1,"",""
carpenter,1,2,4
carries,1,1,""
carrion,1,1,""
carrions,1,"",""
carue,1,1,""
cas,21,"",""
case,1,1,8
cask,38,"",""
caska,33,"",""
cass,10,"",""
cassi,107,"",""
cassius,85,"",""
cast,2,6,501
catching,1,"",""
cato,12,"",""
cauerne,1,"",""
cause,15,13,328
causes,1,1,7
cautelous,1,"",""
censure,1,3,""
ceremonies,4,"",1
ceremony,2,1,""
certaine,6,4,""
chace,1,1,""
chafing,1,"",""
chaire,1,"",""
chanc,4,"",""
chance,2,2,6
change,8,3,26
channell,1,"",""
charge,3,7,102
charges,1,"",6
chariot,2,"",64
charme,1,1,""
charractery,1,"",""
chasticement,2,"",""
chayre,1,"",""
check,1,"",1
cheeke,1,2,""
cheere,1,2,""
chew,1,"",3
chidden,1,"",""
chide,1,1,4
chides,1,"",""
childe,1,2,""
children,3,3,1821
chimney,1,"",1
choak,1,"",""
choaked,1,"",""
choice,1,1,21
choller,1,2,""
chollericke,1,"",""
choose,2,4,59
chopt,1,"",""
chose,1,"",29
cic,4,"",""
cicero,11,"",""
cimber,1,"",""
cin,7,"",""
cinna,26,"",""
citizen,1,"",2
citizens,1,"",1
ciuill,2,"",""
clamors,1,"",""
clap,1,1,6
clapp,1,"",""
clau,2,"",""
claudio,6,1,""
cleane,1,"",""
climb,1,"",4
climber,1,"",""
clit,6,"",""
clitus,5,"",""
cloake,1,1,""
cloakes,1,"",""
clocke,6,"",""
close,3,3,11
closet,1,"",2
closset,1,2,""
clouds,4,3,49
clowds,1,1,""
cly,2,"",""
clymate,1,"",""
coarse,1,3,""
cob,4,"",""
cobble,1,"",""
cobl,2,"",""
cobler,2,"",""
coffers,1,"",""
coffin,1,1,1
cogitations,1,"",1
cognisance,1,"",""
coine,1,"",""
cold,6,6,18
colossus,1,"",""
colour,2,4,14
com,2,2,""
combin,1,"",""
come,74,104,1971
comes,15,23,""
comets,1,"",""
comfort,2,1,66
commanders,2,"",""
commend,3,4,7
commended,1,"",6
comment,1,1,""
comming,3,4,""
commit,1,"",75
common,9,8,21
commoners,2,"",""
commons,2,"",""
compact,1,1,1
companies,1,1,17
companion,1,"",13
company,1,1,86
compare,1,"",4
compasse,1,1,""
compell,2,1,""
complexion,1,2,""
con,1,"",""
concaue,1,"",""
conceit,1,5,5
conceited,1,1,""
conceptions,1,"",""
conceyu,1,"",""
concluded,1,1,3
condemn,2,"",24
condition,3,"",1
conditions,2,"",1
conference,3,1,1
confesse,2,5,""
confidence,1,"",38
confines,1,1,""
confounded,1,"",50
conioyntly,1,"",""
coniur,1,"",""
coniure,1,2,""
conquerors,1,"",1
conquest,3,1,""
conquests,1,"",""
conscience,1,8,31
consent,3,3,15
consequence,1,4,""
consider,3,3,67
consorted,1,"",1
conspiracie,3,"",""
conspirator,2,"",""
conspirators,4,"",1
constancie,3,"",""
constant,4,"",1
constantly,1,1,3
construe,3,"",""
consum,1,"",""
contagion,1,2,""
contaminate,1,"",""
content,3,3,16
contented,2,"",""
contribution,1,"",1
contriue,1,2,""
contriuer,1,"",""
controuersie,1,1,""
cooling,1,"",""
coronets,1,"",""
corpes,2,"",""
corporall,1,1,""
corruption,1,2,21
costly,1,1,6
couchings,1,"",""
couer,1,"",""
couert,1,"",""
couetous,1,"",""
councell,2,"",""
counsell,1,3,""
counsels,1,"",12
count,1,4,26
countenance,2,5,53
counters,1,"",""
countrey,2,1,""
countries,2,2,55
country,6,2,179
countrymen,8,"",2
courage,1,"",20
course,6,5,35
courtesie,1,1,""
courtesies,1,"",""
coward,4,1,""
cowardice,1,"",""
cowardly,1,"",""
cowards,3,1,""
craues,1,"",""
creature,2,2,29
creatures,2,3,12
credit,2,"",""
crept,1,"",1
crests,1,"",""
cride,1,"",""
cried,1,2,199
crimson,1,"",5
crooked,1,"",14
crosse,3,2,""
crost,2,"",""
crouch,1,"",1
crowd,1,"",""
crowes,1,1,""
crown,4,"",66
crowne,11,6,""
cruell,3,2,""
cry,11,3,181
cryed,2,1,""
cryedst,1,"",""
crying,1,"",31
cull,1,"",""
cumber,1,"",""
cup,1,4,68
curre,2,"",""
current,1,"",1
curse,2,1,101
cursed,1,4,72
curtesie,1,"",""
curtsies,1,"",""
cushions,1,"",""
custome,1,8,""
cut,6,2,320
cuts,2,"",""
cymber,9,"",""
cyn,1,"",""
cynicke,1,"",""
cynna,4,"",""
dagger,5,1,3
daggers,2,2,""
dam,1,"",5
damned,1,6,3
dang,1,"",""
danger,3,4,7
dangerous,8,6,1
dangers,3,"",""
danke,1,"",""
dar,1,2,""
dard,3,"",""
dardanius,3,"",""
dare,4,3,5
darke,1,1,""
darknesse,1,"",""
darts,1,"",4
dash,1,"",7
daughter,1,16,327
day,46,25,1743
dayes,6,6,""
de,3,2,""
dead,15,30,364
deafe,1,"",""
deale,1,1,""
deare,1,9,""
death,29,37,372
deaths,2,"",4
debt,1,1,7
dec,2,"",""
decay,1,"",1
deceitfull,1,"",""
deceiu,2,1,""
deci,6,"",""
decius,17,"",""
deckt,1,1,""
decline,1,1,5
decree,2,"",49
deed,5,8,19
deede,3,2,""
deeds,4,1,33
deepe,1,3,""
deere,8,20,""
deerely,1,1,""
deerer,2,"",""
defeat,1,"",2
defence,1,2,22
defend,2,2,11
defiance,1,"",""
degrees,1,"",9
delay,1,2,3
deliuer,2,5,""
demand,2,2,4
demeanor,1,"",""
deny,4,3,24
depart,4,1,125
depend,1,"",""
deriu,1,"",""
descend,2,"",10
describ,1,"",""
deseru,2,"",""
desir,1,"",""
desire,3,7,111
desires,1,3,3
desiring,1,"",12
destruction,2,"",94
determine,1,1,1
determined,1,"",30
deuise,1,"",""
dew,1,3,37
dewes,1,"",""
die,2,2,321
dies,1,1,""
difference,1,1,12
digest,1,"",""
dignities,1,"",2
dimme,1,"",""
dine,1,"",3
dinner,1,"",4
dint,1,"",""
dip,1,"",10
directly,9,1,2
dis,1,"",""
discard,1,"",""
disclos,1,2,""
disclose,1,1,1
discomfort,1,1,""
disconsolate,1,"",""
discouer,2,"",""
discouered,1,"",""
discourse,1,5,""
disgest,1,"",""
dish,1,1,4
dishonor,1,"",""
dishonourable,1,"",""
dismember,1,"",""
dismisse,1,"",""
disperse,1,"",8
displeas,1,"",""
dispos,2,"",""
disposed,1,"",4
disposing,1,"",1
disprooue,1,"",""
disrobe,1,"",""
distract,1,1,""
disturbed,1,"",""
diuell,2,4,""
diuers,1,"",""
diuided,1,1,""
diuision,1,"",""
doers,1,"",7
doest,3,1,45
dogge,1,2,""
dogges,1,1,""
domesticke,1,"",""
doo,1,5,""
doomesday,1,2,""
doore,2,4,""
doores,2,2,""
doublet,1,1,""
doubt,4,10,13
doubted,1,"",4
doubtfull,1,2,""
downe,23,28,""
drachmaes,2,"",""
draw,2,9,76
drawes,2,2,""
drawing,1,"",2
drawne,1,"",""
dreadfull,4,3,""
dreame,4,5,""
dreamer,1,"",4
dreames,2,4,""
dreampt,1,"",""
dreamt,1,"",""
drinke,2,14,""
drinkes,1,2,""
driue,2,2,""
driuen,1,1,""
driues,1,1,""
drizel,1,"",""
drop,3,1,15
droppes,2,"",""
dropping,1,1,3
drops,1,"",4
dropt,1,"",""
drowsily,1,"",""
drum,2,1,""
dull,1,5,3
dum,1,"",""
dumbe,1,6,""
dungeon,1,"",13
durst,7,"",9
dust,1,7,108
duty,2,8,8
dwell,4,"",338
dwelling,1,1,52
dy,3,"",""
dye,14,5,""
dyed,1,3,7
dyes,2,3,""
dyest,2,"",""
dying,3,1,6
eagerly,1,"",""
eagles,1,"",9
eare,4,17,""
earely,1,"",""
eares,4,9,""
early,2,"",86
earnes,1,"",""
earnest,1,1,8
ears,1,"",151
earth,5,21,987
ease,2,4,20
easily,1,1,2
east,2,"",157
eate,1,2,""
eating,1,"",27
effect,2,6,14
egge,1,"",""
elbowes,1,"",""
elder,2,1,20
elders,1,"",179
element,1,1,""
elements,1,"",4
elephants,1,"",""
em,6,2,""
embrace,1,2,8
empty,1,"",38
emulation,1,"",1
enclosed,1,"",""
encounter,1,3,""
encourag,1,"",""
encreaseth,1,"",""
end,7,17,307
ended,2,1,21
endure,5,1,29
enemie,1,1,""
enemies,6,2,269
enemy,9,2,110
enforc,1,"",""
enforced,1,"",""
enfranchisement,1,"",""
engagements,1,"",""
engendred,1,"",""
enioy,1,"",""
enlarge,1,"",10
ensigne,2,"",""
enter,64,85,149
enterprize,7,2,""
enterred,1,"",""
entertaine,1,"",""
entire,1,"",1
entrailes,1,"",""
entreat,1,"",2
entreated,1,"",9
enuious,2,1,""
enuy,2,1,""
epicurus,1,"",""
erebus,1,"",""
errand,1,"",3
errands,1,"",""
error,2,"",13
eruptions,1,"",""
establish,1,"",44
eternall,1,2,""
euen,17,21,""
euening,1,"",""
euer,17,13,""
euerie,1,1,""
euerlasting,1,1,""
euery,28,8,""
euill,2,2,""
euills,1,"",""
euils,2,"",""
exalted,2,"",64
execution,1,"",1
exeunt,22,23,""
exhalations,1,"",""
exigent,1,"",""
exit,12,18,""
exorcist,1,"",""
expect,1,"",""
expectation,1,"",14
expedition,1,"",""
exploit,2,"",""
expounded,1,"",6
extenuated,1,"",""
extremities,1,"",""
eye,6,14,116
eyes,14,20,502
eyther,1,"",""
face,13,10,416
faces,2,2,73
faction,1,1,""
factious,1,"",""
faculties,1,"",""
faile,1,1,""
faine,1,3,""
faint,1,"",41
faire,2,20,""
faith,2,12,247
faithfull,1,3,""
fall,11,8,252
falles,1,3,""
falling,2,2,15
false,2,6,64
falser,1,"",""
fam,1,"",""
familiar,2,1,18
fantasie,2,2,""
fantasies,1,"",""
far,1,"",173
fare,5,6,3
farewell,10,15,4
farre,7,12,""
farther,1,"",4
farthest,1,"",""
farwell,1,1,""
fashion,7,8,13
fast,4,4,85
fasten,1,"",5
fat,1,6,130
fatall,1,"",""
fates,3,1,""
father,1,50,1127
fathers,2,20,548
fatter,1,"",1
fault,4,4,19
faults,4,3,4
fauors,1,"",""
fauour,2,4,""
fawn,1,"",""
fawne,2,"",""
fawning,1,"",""
fear,2,1,400
feare,29,21,""
fearefull,4,"",""
fearefulnesse,1,"",""
feares,1,1,""
fearing,3,1,8
fears,1,"",4
feast,2,3,123
feathers,1,1,7
feauer,1,"",""
fed,1,1,31
feeble,4,"",20
feede,1,2,""
feeding,1,"",8
feeds,1,"",""
feele,1,1,""
feete,1,1,""
fell,12,8,243
fellow,13,9,29
ferret,1,"",1
fetch,6,2,31
field,6,1,291
fields,1,"",59
fierce,2,"",41
fierie,1,1,""
fiery,2,2,20
fifteene,1,"",""
fight,5,3,107
figures,1,"",3
fill,2,1,49
finde,17,13,""
findes,1,2,""
fine,1,9,113
fingers,3,4,15
finis,1,1,""
fir,1,"",21
fire,19,11,549
firebrands,1,"",3
fires,1,"",1
firmament,1,"",17
firme,1,1,""
first,12,17,445
fit,6,12,9
fiue,1,1,""
fixt,1,3,""
fla,5,"",""
flame,1,2,33
flames,1,1,4
flash,1,1,1
flattered,1,"",""
flatterer,1,"",""
flatterers,5,"",""
flattery,1,"",2
flauio,1,"",""
flauius,5,"",""
flearing,1,"",""
fled,3,"",146
flesh,1,5,420
flint,2,"",5
float,1,"",""
flood,4,"",43
flourish,4,4,13
flowers,1,3,17
fly,5,"",25
flye,11,4,""
foam,1,"",1
foame,1,"",""
foe,1,2,""
foes,1,"",7
fold,1,1,9
follow,14,21,86
followed,1,2,108
followes,1,4,""
fond,1,2,""
foole,1,6,""
foolerie,2,"",""
fooles,4,2,""
foolish,1,3,52
foorth,4,"",""
foot,2,2,95
foote,3,3,""
forc,1,2,""
force,1,4,19
forgaue,1,"",""
forget,3,4,54
forgetfull,2,"",""
forgets,1,"",""
forgot,1,5,1
formall,1,1,""
forme,3,12,""
formed,1,"",33
formes,1,3,""
formost,1,"",""
forrest,1,1,""
forth,19,5,888
fortunate,2,"",""
fortune,4,10,""
fortunes,1,6,""
foule,1,12,""
found,6,5,402
fountaine,1,"",""
foure,1,4,""
fray,1,"",3
free,7,11,59
freedome,4,"",""
fresh,2,1,4
fret,2,1,7
friend,22,12,53
friendly,3,"",3
friends,25,19,49
friendship,1,2,2
fright,1,"",""
frighted,1,1,""
fulfill,1,1,""
full,10,10,260
fuller,1,"",4
funerall,6,3,""
funerals,1,"",""
furnish,1,1,4
fury,1,"",70
gallant,2,1,1
games,1,"",""
gamesom,1,"",""
garland,1,1,""
gastly,1,"",""
gate,2,2,275
gates,1,1,144
gaue,5,7,""
gaze,1,"",1
generall,10,6,""
generals,4,"",""
genius,1,"",""
gentle,10,4,5
gentlemen,3,12,""
gentlenesse,1,"",""
gentler,1,"",""
gently,1,1,2
ghost,6,21,109
ghosts,2,1,""
girle,1,1,""
giue,35,59,""
giuen,4,10,""
giues,5,7,""
giuing,1,4,""
glad,4,4,89
glanced,1,"",""
glasse,1,2,""
glasses,1,"",1
glaz,1,"",""
gliding,1,"",""
glories,3,"",""
glory,2,"",402
glow,1,2,""
god,3,26,4472
gods,25,6,244
goe,4,17,""
goes,4,13,""
going,6,2,92
gold,6,1,417
gorging,1,"",""
gouern,2,"",""
gouerne,1,1,""
gowne,5,1,""
grace,4,13,170
gracious,1,6,31
grant,2,1,22
grasped,1,"",""
graues,3,"",""
grauity,1,"",""
graunt,3,"",""
gray,1,1,5
graze,1,"",""
great,26,19,962
greater,3,"",77
greatnesse,1,1,""
greefe,3,10,""
greefes,4,2,""
greeke,2,"",""
greeting,1,1,3
greets,1,"",""
greeu,1,"",""
greeue,1,2,""
greeuous,1,"",""
greeuously,1,"",""
grey,1,"",1
griefe,2,2,""
griefes,1,1,""
groane,1,"",""
groaning,2,1,9
grone,2,1,""
ground,4,8,192
grow,2,7,38
growes,1,4,""
growing,2,"",""
growne,4,4,""
grudge,1,"",3
grug,1,"",""
guard,1,3,51
guesse,1,"",""
guide,1,"",23
guiltinesse,1,"",""
guilty,1,5,26
gustie,1,"",""
ha,8,27,2
hacke,1,"",""
hackt,1,"",""
haile,3,1,""
haire,2,2,""
haires,1,"",""
halfe,4,5,""
hand,29,19,1466
hands,15,9,462
handy,1,"",""
hang,1,4,19
hangs,1,"",""
happy,3,3,28
hard,8,3,45
harke,2,"",""
harlot,1,1,42
harme,3,"",""
hart,6,1,9
haste,3,2,55
hastie,1,1,""
hatch,1,1,2
hate,1,1,87
hated,1,"",60
hatefull,1,"",""
hates,1,"",""
hats,1,"",1
haue,148,178,""
hauing,2,2,""
hauocke,1,1,""
hazard,1,1,""
hazards,1,"",""
head,5,26,364
headed,1,"",""
heads,4,1,110
health,4,5,17
healthfull,1,1,""
heap,1,"",38
heape,1,"",""
heard,9,14,641
heare,38,31,""
heares,1,2,""
hearing,1,4,39
hearke,6,1,""
hearse,1,"",""
heart,23,30,833
hearts,12,3,113
heauen,5,44,""
heauens,5,10,""
heauie,1,2,""
heauy,3,4,""
hedge,1,1,9
hee,21,21,""
heed,1,1,80
heede,1,"",""
heeles,2,4,""
heere,59,50,""
heereafter,2,1,""
height,1,"",62
heires,1,"",""
held,4,2,52
hell,2,10,54
helpe,2,12,""
henceforth,1,"",33
heraulds,1,"",""
here,5,10,162
hew,1,2,12
heyres,1,"",""
hibla,1,"",""
hidden,1,"",17
hide,6,4,82
hideous,1,1,""
hides,1,"",""
hie,2,"",""
high,7,3,416
higher,2,1,21
hill,3,3,77
hilles,1,"",""
hilts,2,1,""
himselfe,14,20,""
hinder,1,"",16
hindes,1,"",""
hisse,1,"",""
history,1,1,""
ho,10,6,4
hoe,8,"",""
hold,13,25,185
holds,3,5,21
hole,1,1,13
holes,1,"",11
holiday,1,"",""
hollow,1,1,10
holy,2,"",611
holyday,2,"",2
home,12,6,51
honest,5,11,7
honesty,3,1,1
honor,11,7,1
honorable,2,"",""
honors,4,1,""
honour,6,7,145
honourable,14,3,30
honourably,1,"",""
honours,1,"",1
hony,2,"",""
hope,3,7,130
hopes,1,1,""
hoping,1,"",2
horrid,1,2,""
horse,3,4,43
horsemen,1,"",59
horses,1,2,111
horsses,1,"",""
hot,3,6,31
hounds,2,"",""
houre,7,5,""
houres,1,2,""
house,15,4,2024
houses,2,2,136
howre,1,"",""
howted,1,"",""
howting,1,"",""
huge,3,1,1
hugge,1,"",""
humble,2,1,25
humor,4,"",""
humour,4,1,""
humours,1,"",""
hundred,3,2,590
hung,2,1,""
hungry,1,"",30
hunters,1,"",1
hurle,1,"",""
hurtled,1,"",""
husbanded,1,"",""
husbands,1,3,19
hye,1,"",""
iades,1,"",""
ides,6,"",""
idle,3,4,11
iealous,2,"",""
iigging,1,"",""
ile,13,58,""
ill,7,6,15
illuminate,1,"",""
images,3,"",71
imitations,1,"",""
imminent,1,1,""
immortall,3,1,""
impart,1,4,2
impatience,2,"",""
impatient,1,1,""
impatiently,1,"",""
impossible,2,"",9
improue,1,"",""
incenses,1,"",""
incertaine,1,"",""
inclos,1,"",""
incompast,1,"",""
incorporate,2,"",""
indeede,2,3,""
indifferent,1,3,""
indifferently,1,1,""
indirection,1,"",""
indure,2,"",""
infants,2,1,3
infirmitie,1,"",""
infirmities,1,"",12
inflame,1,"",1
inforced,1,"",""
infranchisement,1,"",""
infus,1,"",""
ingag,1,1,""
ingrafted,1,"",""
ingratitude,2,"",""
inkindled,1,"",""
inroll,1,"",""
insisted,1,"",""
instances,1,1,""
instantly,1,1,2
instigations,1,"",""
instrument,5,2,8
instruments,2,"",51
insupportable,1,"",""
insuppressiue,1,"",""
insurrection,1,"",5
intend,1,1,4
intended,2,"",1
interim,1,1,""
intermit,1,"",""
interpose,1,"",""
interpreted,1,"",11
intrailes,1,"",""
intreat,2,2,15
inuenomed,1,"",""
ioy,3,8,""
ioyn,2,"",""
ioynes,1,"",""
iron,1,"",101
issue,2,2,40
italy,2,"",4
itching,2,"",1
iudge,3,3,""
iudgement,2,10,""
iulius,4,1,""
iust,2,3,""
iustice,2,1,""
ivlivs,1,"",""
julius,1,"",2
keepe,10,17,""
keepes,1,6,""
kerchiefe,1,"",""
kil,1,1,""
kill,9,8,125
killing,1,"",5
kinde,4,11,""
kindle,1,"",19
kindnesse,1,"",""
king,4,172,2543
kingdome,1,5,""
kingly,1,1,1
kisse,3,"",""
kissing,1,2,""
kites,1,1,""
knaue,4,5,""
knee,2,1,6
kneele,3,"",""
knees,2,2,30
knew,3,5,169
knock,1,"",4
knocke,2,1,""
knockes,2,"",""
knocks,1,"",""
knot,1,"",""
knottie,1,"",""
know,70,71,763
knowes,3,3,""
knowne,4,7,""
labio,1,"",""
labour,1,2,89
labouring,1,"",4
lacke,1,5,""
lacks,1,1,""
ladder,2,"",1
lady,3,10,4
lambe,1,"",""
lamented,1,"",11
laments,1,"",""
land,1,5,1718
lane,1,"",""
large,1,"",21
last,8,13,85
late,3,10,3
latest,1,"",""
laugh,2,6,18
laught,1,"",""
laughter,3,"",7
lawfull,1,"",""
lay,4,8,241
layest,1,"",2
leade,7,1,""
leaden,2,"",""
leades,1,"",""
leads,2,1,""
leafe,1,"",""
leagues,1,"",""
leane,2,1,""
leape,2,"",""
learn,1,"",32
learne,1,"",""
least,5,3,39
leather,2,"",1
leaue,19,27,""
led,3,"",68
left,6,4,348
legacie,1,"",""
legacies,1,"",""
legges,1,"",""
legions,4,"",1
lena,2,"",""
lend,2,4,16
lep,3,"",""
lepidus,8,"",""
lesse,6,7,""
let,71,104,1511
lethee,1,"",""
letter,2,3,37
letters,7,7,34
leuying,1,"",""
leysure,1,2,""
liable,1,"",""
liberties,1,"",""
liberty,4,4,27
liefe,1,"",""
lies,4,4,51
life,12,33,450
lift,1,"",104
ligarius,9,"",""
light,5,8,272
lighted,1,1,13
lightens,1,"",""
lightning,3,"",13
lights,1,4,10
like,39,80,669
likes,1,3,""
limbe,1,"",""
limbes,3,2,""
limitation,1,"",""
lines,1,3,2
linkes,1,"",""
lionnesse,1,"",""
lippes,2,1,""
lips,1,"",119
list,1,6,""
listen,2,"",1
litter,1,"",""
little,5,13,242
liu,2,1,""
liue,18,15,""
liued,1,3,""
liues,2,3,""
liuing,4,2,""
load,1,1,""
loads,1,"",""
loath,1,1,""
locke,1,3,""
lodge,1,1,27
loe,2,3,""
lofty,1,1,8
loines,1,1,""
long,6,17,212
look,5,7,156
looke,27,31,""
lookes,6,7,""
looking,1,"",30
loose,3,5,29
loosing,1,1,4
lord,44,211,7964
lordship,1,6,2
lose,1,4,24
losse,1,1,""
losses,1,"",""
lost,2,8,33
lottery,1,"",""
lou,6,4,""
loue,34,66,""
loued,2,3,""
louer,2,1,""
louers,2,"",""
loues,8,6,""
louest,1,"",""
louing,1,3,""
low,4,1,46
lowd,1,2,""
lowe,2,"",""
lowest,1,1,11
lowly,1,"",6
lowlynesse,1,"",""
luc,28,"",""
lucil,6,"",""
lucillius,14,"",""
lucius,26,"",2
lupercall,2,"",""
lustre,1,"",""
lusty,2,"",1
ly,1,1,""
lyable,1,"",""
lye,9,8,""
lyes,2,2,""
lying,1,1,57
lyon,3,"",""
lyons,2,"",""
mace,1,"",""
mad,2,21,22
madam,5,12,""
made,17,29,1405
madman,1,"",""
madmen,1,"",1
maiesticke,1,"",""
maine,1,3,""
maisters,1,"",""
mak,1,"",""
makes,3,16,""
making,1,5,30
malice,1,"",6
man,59,46,2735
manet,4,3,""
manner,3,1,196
mans,3,5,""
mantle,2,1,13
march,12,5,5
marching,2,1,""
marcus,5,"",3
mark,14,2,38
marke,20,13,""
market,5,"",7
marr,1,"",""
marriage,1,6,19
marrie,1,1,""
married,2,3,30
marry,2,15,22
mart,1,1,1
maske,1,"",""
masker,1,"",""
master,11,"",181
masters,4,4,22
matter,10,26,80
matters,3,3,23
may,38,65,1027
meales,1,"",""
mean,2,"",22
meane,11,12,""
meanes,9,19,""
measure,1,"",69
meate,1,"",""
mechanicall,1,"",""
meddle,1,"",6
meditates,1,"",""
meditating,1,"",""
mee,4,10,""
meeke,1,"",""
meere,1,3,""
meerely,1,2,""
meet,8,4,132
meete,10,4,""
melancholies,1,"",""
melteth,1,"",7
melting,1,"",1
memory,1,7,6
men,69,10,1677
menace,1,"",""
mend,2,1,1
mender,1,"",""
mens,2,3,""
mention,1,"",23
merrily,1,"",1
merry,2,"",28
mes,1,3,""
mess,2,"",2
messa,19,"",""
messala,25,"",""
messenger,1,4,34
messengers,1,1,79
met,3,1,45
metel,3,"",""
metellus,13,"",""
mettle,5,2,""
mid,1,"",""
mightie,2,"",""
mightier,1,1,13
mighty,12,2,284
millions,1,1,1
minde,8,10,""
minded,1,"",15
mindes,4,1,""
mine,22,44,649
mirrors,1,"",""
mirth,2,2,15
mischeefe,1,1,""
mischeefes,1,"",""
mischiefe,1,"",""
mischieuous,1,"",""
misconstrued,1,"",""
miseries,1,"",2
misgiuing,1,"",""
mistook,1,"",""
mistrust,2,"",""
mixt,1,"",1
mo,1,"",""
mock,1,3,12
mocke,1,1,""
modestie,1,4,""
modestly,1,"",""
moe,1,"",""
monarkes,1,"",""
moneths,1,2,""
money,1,1,140
monstrous,4,1,""
monwealth,1,"",""
mood,1,"",""
moone,1,4,""
moou,1,"",""
mooue,2,"",""
moreouer,2,1,""
morning,4,4,227
morrow,15,5,102
mortall,1,4,""
mortified,1,"",""
mother,3,40,320
mothers,3,6,8
motion,3,2,""
motiues,1,"",""
mou,7,"",""
moue,2,6,""
moued,1,1,""
mount,1,2,263
mountaine,1,3,""
mourn,1,1,45
mourne,1,"",""
mourning,2,1,51
mouth,3,7,423
mouthes,1,"",""
mouths,1,"",19
muffling,1,"",""
multitude,1,1,243
mur,5,"",""
murd,1,"",""
murderers,2,"",10
murellus,2,"",""
murrellus,1,"",""
murther,1,10,""
musicke,4,7,""
musing,1,"",1
mutiny,5,"",""
naked,1,2,47
name,16,10,958
names,2,"",97
napkins,1,"",""
narrow,2,1,9
natiue,1,4,""
naturall,1,5,""
nature,5,24,12
natures,1,2,""
naughty,1,"",3
nay,6,26,55
ne,3,3,""
neats,1,"",""
necessitie,1,1,""
necessities,1,"",3
necke,1,2,""
need,2,1,49
neede,3,3,""
needs,1,6,16
neere,6,9,""
neerer,1,3,""
neglect,1,1,4
neigh,1,"",""
neighbors,1,"",""
neruij,1,"",""
neuer,17,24,""
new,6,4,151
newes,4,11,""
next,2,4,60
neyther,2,2,""
nice,1,"",""
niggard,1,1,""
night,42,38,307
nights,2,4,18
nimblenesse,1,"",""
ninth,1,"",34
noble,39,16,7
nobler,1,1,""
noblest,4,1,""
nobly,1,"",""
nod,2,"",1
noise,1,7,88
north,1,2,132
northerne,1,"",""
note,6,6,3
noted,1,1,1
notice,1,"",2
now,63,92,1356
noyse,3,2,""
number,4,"",178
numbers,1,1,4
oakes,1,"",""
oath,4,2,61
oathes,1,1,""
obey,1,7,69
obiects,2,1,""
obscurely,1,"",""
obseru,1,1,""
obserue,2,3,""
obseruer,1,"",""
occupation,1,"",5
ocean,1,1,""
oct,1,"",""
octa,18,"",""
octauio,2,"",""
octauius,23,"",""
offall,1,1,""
offence,4,9,19
offences,1,2,7
offended,5,3,25
offer,6,4,236
offered,2,"",143
offering,1,"",724
office,1,1,46
officers,1,2,58
offices,1,1,5
oft,3,10,13
old,8,17,381
older,1,"",""
olympus,2,1,""
omitted,1,"",1
omnes,1,"",""
once,14,19,59
onely,9,5,""
ope,2,1,""
open,2,3,124
opening,1,"",7
opens,2,"",""
opinion,5,1,3
opinions,1,2,1
oration,1,"",1
orator,1,"",2
orchard,1,2,1
orchards,1,"",1
order,3,3,61
ordered,1,"",4
ordinance,2,1,30
ordinary,3,"",1
ore,5,7,""
ouer,9,8,""
ouercame,2,"",""
ouerthrow,1,"",""
ouerthrowne,1,1,""
outlarie,1,"",""
outward,1,3,14
owe,1,"",1
owne,11,31,""
paid,1,"",4
paines,1,"",""
painted,1,2,2
pale,2,8,2
palme,3,2,""
palter,1,"",""
paper,2,"",2
papers,1,"",""
parchment,1,1,""
pardon,10,9,16
parley,1,1,""
part,15,18,214
partake,1,"",""
parthia,1,"",""
particle,1,"",""
parting,2,"",1
partly,2,"",5
parts,3,1,64
party,1,1,""
passe,6,5,""
passion,2,11,1
passions,1,1,2
past,2,4,51
path,1,1,23
patience,6,5,34
patient,4,3,9
pause,1,3,""
pawse,1,1,""
pay,2,3,39
peace,17,10,429
pearch,1,"",""
peazants,1,"",""
peece,2,6,""
peeces,2,"",""
peepe,1,2,""
peeuish,1,1,""
pella,1,"",""
people,10,1,2143
peoples,1,"",2
perceiu,1,"",""
perceiue,5,1,""
perform,1,1,42
performance,1,1,2
perillous,1,1,""
perils,2,"",8
permission,3,"",1
person,1,3,56
personall,2,1,""
perswasion,1,"",""
petition,1,"",13
petitions,1,"",2
petty,1,1,""
phantasma,1,"",""
philippi,11,"",6
philosophy,2,1,1
physicall,1,"",""
piece,1,1,43
piercing,1,"",2
pin,2,"",3
pind,3,"",""
pindarus,12,"",""
pipes,1,"",6
pit,1,3,88
pitch,1,"",19
pitteous,1,1,""
pittifull,1,1,""
pitty,5,2,""
place,18,6,716
places,1,1,215
plague,1,2,98
plaine,2,1,""
planted,1,"",39
players,1,19,2
playes,2,1,""
ple,8,"",""
pleas,1,2,""
pleasing,1,1,6
pleasure,4,2,61
pleasures,2,2,8
plebeians,4,"",""
pledge,1,1,22
pluck,1,2,30
plucke,4,"",""
plucking,1,"",""
pluckt,3,"",1
plunged,1,"",""
pluto,1,"",""
pocket,1,1,""
poet,8,1,""
point,6,5,9
points,1,2,2
pompey,4,"",""
pompeyes,6,"",""
poor,2,1,205
poore,8,20,""
popil,2,"",""
popillius,3,"",""
por,16,"",""
porch,2,"",39
portentous,1,"",""
portents,1,"",""
portia,13,"",""
possible,1,3,15
post,1,2,11
posture,1,"",""
power,6,8,272
powers,3,2,14
powres,1,2,""
practice,2,3,""
praetors,1,"",""
praise,1,3,246
praising,1,"",10
pray,7,28,313
prayers,1,1,24
praying,1,1,20
pre,2,"",""
predictions,1,"",""
preferre,2,"",""
prepar,1,1,""
prepare,5,3,81
presage,1,"",""
presence,1,3,116
present,4,3,106
presented,1,"",18
presently,4,5,5
presents,1,"",10
presse,5,"",""
presume,1,"",2
prethee,1,"",""
pretors,1,"",""
preuaile,1,"",""
preuayl,1,"",""
preuent,4,2,""
preuention,2,"",""
prey,1,1,73
prick,1,1,""
pricke,2,1,""
prickt,2,"",""
priests,2,"",400
prima,1,1,""
primus,1,1,""
princes,2,1,273
prisoner,2,2,13
priuate,3,1,""
prize,1,1,2
proceede,1,"",""
proceeded,2,1,9
proceeding,1,1,1
proclaime,2,2,""
prodigies,2,"",""
prodigious,1,"",""
produce,1,"",1
professe,1,"",""
profession,1,1,4
progresse,1,1,""
promis,1,2,""
promise,3,2,53
proofe,3,6,""
proper,3,2,4
property,1,3,""
prophesie,1,2,""
propos,1,"",""
proscription,3,"",""
proscriptions,1,"",""
prostrate,1,"",""
protest,1,"",3
protester,1,"",""
prou,1,3,""
proud,1,1,48
prouender,1,"",""
proues,1,"",""
prouidence,1,2,""
prythee,3,5,""
pub,2,"",""
publike,3,1,""
publius,11,"",2
puisant,1,"",""
pul,1,1,4
pulling,1,"",2
pulpit,5,"",1
pulpits,1,"",""
purchase,1,"",8
pure,1,2,97
purgers,1,"",""
purpled,1,"",""
purpos,1,1,""
purpose,4,12,36
purposes,2,2,5
push,2,1,9
put,16,22,911
puts,1,2,""
putting,1,"",17
qualitie,2,"",""
quality,2,3,""
quarrell,1,1,""
quarter,1,"",8
quartered,1,"",""
quartus,1,"",1
question,3,14,14
quick,1,1,10
quicke,1,6,""
quintus,1,"",""
rabblement,1,"",""
rage,3,3,18
ragge,1,"",""
raise,2,"",59
ran,3,1,61
range,1,1,1
ranging,1,"",1
ranke,2,6,""
rankes,1,"",""
ransomes,1,"",""
rascall,1,1,""
rash,2,3,2
rated,1,"",""
rauens,1,"",""
raw,1,1,7
rawe,1,"",""
rayes,1,"",""
read,8,3,70
reade,6,2,""
reades,2,"",""
readie,1,2,""
reading,1,2,6
ready,3,1,100
reares,1,"",""
reason,7,12,71
reasons,8,1,2
rebell,1,"",""
receiu,1,3,""
receiue,3,7,""
receiued,1,"",""
receiuest,1,"",""
receyuing,1,"",""
recouer,1,3,""
recount,1,1,1
recounts,1,"",""
recreate,1,"",""
red,4,3,53
redder,1,"",""
redresse,6,"",""
reeke,1,"",""
reflection,2,"",""
refresht,1,"",""
refus,3,"",""
refuse,1,"",26
regard,3,1,30
regarded,1,"",9
regions,1,"",4
reioyce,3,"",""
reliques,1,"",""
remain,1,1,79
remaine,1,1,""
remaines,1,3,""
reme,1,"",""
remember,7,12,148
remorse,1,1,""
render,3,1,33
rendred,2,"",""
rent,1,1,66
repaire,1,2,""
repayre,1,"",""
repeale,1,"",""
repealing,1,"",""
replication,1,1,""
reply,1,2,""
report,1,5,30
repose,1,1,""
repute,1,"",""
reputed,1,"",2
request,1,1,19
resolu,5,"",""
resolution,1,1,""
resort,1,1,4
respect,7,1,34
rest,10,14,275
resting,1,"",4
rests,1,2,1
retentiue,1,"",""
retreat,1,"",""
returne,1,5,""
returning,1,"",4
reueller,1,"",""
reuels,1,1,""
reueng,2,3,""
reuenge,4,11,""
reuerence,2,"",""
reuiuing,1,"",""
rhewmy,1,"",""
rich,2,3,81
richer,1,2,1
richest,1,"",""
rid,2,"",6
ride,5,"",20
right,6,11,359
rightly,1,"",4
rime,1,"",""
ring,2,4,11
ripe,1,1,7
rise,3,2,142
rites,2,4,1
riu,2,"",""
roar,1,"",23
roares,1,1,""
roate,1,"",""
rob,1,"",8
robbers,1,"",11
robe,1,1,26
rocke,1,1,""
rogues,1,"",""
roman,14,1,5
romane,3,"",""
romans,18,"",7
rome,38,1,9
roome,5,2,""
rose,1,4,131
round,4,6,320
rous,3,"",""
rout,1,"",""
royall,2,3,""
rubbish,1,"",2
ruby,1,"",""
ruddy,1,"",4
rude,1,2,1
rudenesse,1,"",""
ruffle,1,"",""
ruines,1,"",""
rul,2,2,""
rule,2,1,66
rumor,1,"",""
run,12,2,71
runne,4,"",""
runnes,1,1,""
rushing,2,"",8
sacred,1,1,""
sacrifice,1,"",218
sacrificers,1,"",""
sad,4,"",11
safe,4,2,13
safely,1,3,21
safety,1,4,19
saide,2,2,""
sake,4,"",145
salutation,1,"",6
sar,2,"",""
sardians,1,"",""
sardis,3,"",3
sate,1,3,""
satisfaction,1,1,2
satisfie,1,"",""
satisfied,6,1,43
sauage,1,"",""
saue,3,5,""
sauing,1,"",""
saw,7,14,548
sawce,1,"",""
sawcie,1,"",""
sawcy,2,"",""
sawe,1,"",""
say,37,52,1056
sayd,1,"",""
sayer,1,"",""
sayes,9,6,""
saying,1,1,1445
sayings,1,"",31
sayst,1,"",""
scandall,1,1,""
scap,1,"",""
scarffes,1,"",""
scedule,1,"",""
scene,1,1,""
school,1,"",1
schoole,2,1,""
scoena,1,1,""
scolding,1,"",""
scope,1,2,""
scorn,1,"",16
scorning,1,"",3
scratch,1,"",""
sea,2,6,400
seal,1,5,26
seale,2,2,""
search,1,1,48
searching,1,"",5
season,1,7,56
seat,1,1,58
seate,1,1,""
second,3,10,178
secret,2,4,68
secrets,3,1,10
secundus,1,1,1
security,1,"",1
seduc,1,"",""
see,37,48,597
seeing,2,4,116
seek,1,1,244
seeke,8,8,""
seeme,5,9,""
seemes,1,8,""
seen,1,2,277
seene,8,20,""
sees,2,"",""
seest,1,"",36
seldome,1,"",""
selfe,40,68,""
sell,2,"",35
selues,11,12,""
semblance,1,"",""
senate,7,"",1
senators,7,"",1
sennet,1,"",""
sennit,1,"",""
senses,1,"",1
sensible,1,2,""
senslesse,1,"",""
sentence,1,"",11
ser,11,1,""
serpents,1,"",13
seru,2,2,""
seruant,6,1,""
seruants,1,2,""
serue,1,1,""
serues,2,2,""
seruice,1,6,""
seruile,1,"",""
set,14,22,695
setting,1,"",3
seuen,2,1,""
seuenty,2,"",""
seuerall,5,1,""
seuerally,1,"",""
sex,1,"",""
shadow,1,3,73
shadowes,1,2,""
shake,7,3,39
shakes,1,"",""
shakespeare,1,1,""
shaking,1,1,8
shallowes,1,"",""
shalt,4,5,1616
sham,2,"",""
shame,3,7,100
shape,1,6,2
shapes,1,2,1
share,1,1,1
sheath,1,"",8
shed,2,"",52
sheepe,1,1,""
shell,1,1,""
shew,15,20,228
shewes,2,7,""
shine,1,"",32
shold,1,1,""
shooes,2,2,""
shooke,1,1,""
shop,1,"",""
shores,3,"",""
shot,1,4,17
shoulder,1,1,38
shout,5,1,36
shouted,1,"",14
shouting,1,"",15
showt,1,"",""
showted,1,"",""
showting,1,"",""
showts,2,"",""
shreeking,1,"",""
shrew,1,"",""
shrewdly,1,1,""
shrieke,1,"",""
shriller,1,"",""
shrunke,1,1,""
sicke,11,4,""
sickely,1,"",""
sicken,1,"",""
sickly,1,1,1
sicknesse,5,2,""
side,5,2,442
sides,1,3,48
sighing,1,"",7
sight,4,8,333
sighted,1,"",""
sights,2,"",1
sign,1,"",76
signall,1,"",""
signe,4,"",""
signified,1,"",2
signifies,1,"",""
silence,3,5,35
silent,1,"",9
siluer,1,2,""
simple,1,1,20
sinewes,1,1,""
single,1,2,2
sinke,3,"",""
sir,23,62,12
sirra,4,"",""
sirrah,1,"",""
sirs,4,3,7
sisters,1,"",19
sit,4,8,113
sits,1,4,""
sixe,1,3,""
skie,1,"",""
skies,1,"",5
slaine,2,5,""
sland,1,"",""
slaue,1,5,""
slaues,2,1,""
slaughter,1,2,56
slay,2,1,117
slaying,1,"",7
sleeke,1,"",""
sleep,3,"",82
sleepe,9,11,""
sleepy,1,"",""
sleeue,1,"",""
slept,2,"",49
slew,2,"",196
slewe,1,"",""
slight,2,1,""
slighted,1,"",""
slip,1,"",5
slippery,1,"",3
slumber,2,"",10
smallest,1,"",2
smatch,1,"",""
smell,1,"",20
smil,1,"",""
smile,5,2,""
smiles,4,1,""
smiling,2,3,""
smoake,1,"",""
soare,1,"",""
sober,1,1,12
sodaine,3,5,""
sodainly,1,"",""
soft,2,8,8
softly,2,"",7
sold,4,"",82
soldiers,2,3,30
song,1,1,48
sonne,7,20,""
soone,3,1,""
sooth,11,"",""
soothsayer,3,"",1
sorrow,2,6,70
sorry,2,2,14
sort,3,2,21
sought,1,"",126
souldier,5,"",""
souldiers,2,1,""
soule,3,33,""
soules,5,5,""
sound,4,7,89
sounded,1,1,18
soundlesse,1,"",""
soundly,1,"",""
sounds,1,1,1
south,1,"",143
sowre,1,"",""
soyle,1,1,""
space,1,1,27
spaine,1,"",""
spake,1,1,587
spaniell,1,"",""
spare,1,"",40
sparke,1,1,""
sparkes,2,"",""
speak,6,5,513
speake,35,55,""
speakes,5,3,""
speaking,2,"",62
spectacle,2,"",1
speech,5,16,49
speeches,1,1,7
speechlesse,1,1,""
speed,2,4,11
speede,2,"",""
spirit,16,14,505
spirited,1,"",""
spirits,7,5,46
spleene,1,"",""
split,1,1,""
spoiles,1,"",""
spoke,5,2,""
sport,1,2,6
sports,1,"",""
spot,2,"",25
spouting,1,"",""
spouts,1,"",""
spoyle,2,"",""
spurne,2,"",""
spurre,3,"",""
spurres,2,"",""
squadrons,1,"",""
squeale,1,"",""
st,39,29,""
stab,4,"",""
stabb,2,"",""
stage,1,4,""
staine,1,"",""
staines,1,"",""
stake,1,1,""
stal,1,"",""
stale,1,1,""
stampt,1,"",""
stand,35,15,274
standing,1,1,55
stands,2,3,""
star,1,"",15
stare,3,"",1
stares,1,"",""
starre,1,4,""
starres,2,3,""
start,2,4,""
state,6,13,14
statillius,1,"",""
statue,5,"",""
stay,18,11,33
stayes,1,1,""
steale,2,1,""
steeds,1,"",""
steele,3,3,""
stemming,1,"",""
sterner,1,"",""
sterrile,1,"",""
still,11,18,101
sting,2,2,2
stinglesse,1,"",""
stinking,1,"",1
stirr,1,1,""
stirre,8,3,""
stole,1,3,6
stolne,1,"",""
stomacke,1,1,""
stomackes,1,"",""
stone,1,2,192
stones,3,1,178
stonie,1,"",""
stood,3,4,339
stoop,1,"",4
stoope,2,"",""
store,2,"",25
storme,1,1,""
story,1,2,2
stra,4,"",""
straight,4,3,28
straine,2,"",""
straite,1,"",""
strange,8,9,76
strato,9,"",""
strawes,1,1,""
streame,2,1,""
street,2,"",36
streete,1,"",""
streetes,3,"",""
streets,8,1,65
strength,2,1,242
strengthen,1,1,32
stretch,1,"",50
stretcht,2,1,""
strew,1,2,""
stricken,1,"",18
strife,2,1,39
strike,4,2,12
strikes,1,1,""
strings,1,1,4
striue,1,"",""
stroken,1,"",""
strokes,2,"",1
strong,10,4,255
stronger,1,4,21
strooke,2,3,""
strucke,2,"",""
strucken,1,1,""
stubborne,1,1,""
study,1,1,3
stuffe,1,3,""
subiect,1,3,""
submitting,1,"",1
subtle,1,"",""
suburbs,1,"",115
successe,3,"",""
sucke,2,"",""
sufferance,2,"",""
suffered,1,"",50
suffering,1,1,6
suffers,1,2,""
sufficeth,2,"",1
suite,5,2,""
summers,1,"",""
summes,1,"",""
sunne,3,3,""
superstitious,1,"",1
suppe,1,"",""
supper,1,2,14
supporting,1,"",""
sure,10,7,41
surest,1,"",""
surgeon,1,"",""
surly,1,"",""
sutor,2,"",""
sutors,2,"",""
swallow,1,"",23
sway,4,"",""
sweare,3,9,""
sweatie,1,"",""
sweet,3,22,108
sweetly,1,"",2
swell,3,"",4
swet,2,"",""
swim,1,"",6
swimme,1,"",""
swoonded,1,"",""
sword,13,16,424
swords,4,1,24
swore,2,"",""
swound,1,"",""
tag,1,"",""
take,23,32,874
taken,4,2,338
taking,1,"",20
tale,1,4,5
talk,1,1,24
talke,8,2,""
tane,6,3,""
taper,3,"",""
tapers,1,"",""
tapor,1,"",""
tardie,1,1,""
tarquin,1,"",""
tarry,1,"",51
tarrying,1,"",2
taste,3,"",22
taught,1,"",81
teach,1,5,108
tear,1,"",13
teare,4,3,""
teares,4,8,""
tearmes,1,2,""
teeth,3,2,50
teethes,1,"",""
tell,38,43,217
temper,4,"",1
tempest,1,1,18
tempests,1,"",""
tempt,4,3,14
tempted,1,"",25
tending,2,"",""
tent,8,"",98
tents,2,"",66
tenure,1,"",""
terrible,2,1,52
terror,2,"",29
tertius,1,"",1
testament,2,"",16
testie,1,"",""
th,6,62,""
thank,1,1,27
thanke,2,7,""
tharsus,1,"",""
thaw,1,1,""
theater,1,1,""
theatre,1,"",2
themselues,6,5,""
thewes,1,1,""
thicke,2,3,""
thigh,1,"",21
think,2,4,65
thinke,22,43,""
thinkes,4,5,""
thinking,3,3,2
third,2,3,185
thirsty,1,"",17
thirtie,1,2,""
thither,1,2,95
thorow,1,"",""
thought,7,14,81
thoughts,4,17,57
thousand,1,8,520
threat,1,"",""
threaten,1,1,1
threatning,1,1,""
threats,1,1,""
threw,1,"",6
thrice,6,4,15
thriue,2,"",""
throat,1,2,7
throng,2,"",2
throw,2,4,9
throwes,1,"",""
throwing,1,1,1
thrusting,2,"",""
thunder,6,2,19
thunders,1,1,7
tide,2,"",""
time,25,44,623
times,6,7,145
tinctures,1,"",""
tis,23,69,""
tit,5,"",""
titin,5,"",""
titinius,23,"",""
tokens,1,1,7
told,3,5,282
tongue,9,14,129
tooke,5,5,""
tops,1,"",11
torch,1,"",1
torches,1,1,3
torrent,1,1,""
touch,3,7,48
touched,1,"",49
touches,2,1,""
touching,1,3,30
toucht,1,"",""
tower,1,"",48
towres,1,"",""
toyles,1,1,""
trade,6,2,5
tradesmans,1,"",""
tragedie,2,4,""
train,1,"",3
traine,3,"",""
traitor,1,"",1
traitors,9,"",1
transformed,1,"",3
trash,3,"",""
treason,1,5,5
treasure,1,4,37
treb,4,"",""
trebonius,11,"",""
trees,1,"",157
tremble,2,2,29
trembled,1,"",21
triall,1,"",""
tributaries,1,"",4
trickes,1,2,""
tride,1,1,""
tried,1,"",20
triumph,4,1,10
triumphes,1,"",""
trod,1,"",""
troopes,2,"",""
trophees,1,"",""
trouble,3,1,110
troubled,1,"",68
troy,1,"",""
true,18,22,81
truely,2,1,""
truly,6,5,42
trust,1,"",134
truth,3,6,237
try,2,5,17
tu,1,"",""
tune,1,2,""
turn,3,5,283
turne,8,4,""
turnes,3,2,""
turning,1,"",18
tut,1,"",""
twas,3,5,""
tweene,2,1,""
twentie,1,"",""
twenty,1,2,294
twere,1,10,""
twixt,1,2,""
tyber,5,"",""
tydings,3,"",""
tyed,1,"",""
tyrannie,1,"",""
tyranny,2,"",""
tyrant,2,1,""
tyrants,2,"",""
tyred,1,"",""
valiant,6,3,32
valour,2,1,37
value,1,"",7
vanish,1,"",4
vanished,1,"",2
vanishest,1,"",""
vanquish,1,"",""
var,4,"",""
varrus,3,"",""
vaunting,1,"",""
venom,1,1,1
ventures,1,"",""
verses,2,"",""
vertue,6,13,""
vessell,1,"",""
vesture,1,"",8
vexed,1,"",22
vexeth,1,"",""
veyl,1,"",""
victorie,1,"",""
view,1,2,4
vildely,1,"",""
vile,8,1,19
villager,1,"",""
villaine,1,11,""
villaines,3,1,""
villains,1,"",""
visage,1,5,3
vision,1,1,79
visit,3,4,38
vnaccustom,1,"",""
vnassayleable,1,"",""
vnborne,1,"",""
vnbraced,2,"",""
vnder,10,5,""
vnderlings,1,"",""
vnderneath,2,"",""
vnderstood,1,"",""
vndeseruers,1,"",""
vndone,1,"",""
vnfirme,1,"",""
vnfold,2,3,""
vngentle,1,"",""
vngently,1,"",""
vnicornes,1,"",""
vniuersall,1,"",""
vnkindely,1,"",""
vnkindest,1,"",""
vnkindnesse,1,"",""
vnknowne,2,1,""
vnlesse,1,3,""
vnluckily,1,"",""
vnmeritable,1,"",""
vnnumbred,1,"",""
vnpurged,1,"",""
vnscorch,1,"",""
vnshak,1,"",""
vntill,1,1,""
vnto,14,5,""
vntouch,1,"",""
vntrod,1,"",""
vntyr,1,"",""
vol,1,"",""
volum,2,"",""
volumnius,8,"",""
voluntary,1,"",4
vouchsafe,2,3,""
vow,1,2,41
vowes,1,6,""
voyage,1,2,1
voyce,6,10,""
voyces,1,"",""
voyd,1,"",""
vp,32,36,""
vpmost,1,"",""
vpon,48,52,""
vppe,1,"",""
vpper,1,"",""
vpward,2,"",""
vrg,2,"",""
vrge,3,"",""
vse,10,13,""
vseth,1,"",""
vtmost,1,"",""
vtter,1,1,""
vtterance,2,1,""
vttered,1,1,""
vttermost,2,"",""
vulgar,1,2,""
wafter,1,"",""
wait,1,2,106
waited,1,"",35
wake,1,2,4
walk,3,"",212
walke,7,9,""
walkes,3,2,""
walking,2,"",30
walles,1,"",""
walls,1,"",66
wander,1,"",14
want,1,2,31
warie,1,"",""
warne,1,"",""
warning,1,1,8
warnings,1,"",""
warre,4,2,""
warres,1,1,""
warriours,1,"",""
wash,1,2,89
waspish,1,"",""
waste,1,2,64
wasted,1,"",16
watch,3,14,61
watchfull,1,"",""
water,1,6,396
waues,1,1,""
wauing,1,1,""
waxe,1,1,""
way,14,11,664
wayes,1,3,""
weake,6,2,""
weakenesse,1,"",""
weapons,1,1,21
weare,4,4,""
wearie,1,"",""
weary,2,2,42
wee,16,20,""
weepe,6,4,""
weeping,2,1,44
weigh,1,3,6
weighing,1,1,2
wel,2,2,""
welcome,8,16,""
well,48,71,264
wenches,1,"",""
went,6,5,1400
wept,1,"",71
wer,1,"",""
whatsoeuer,1,1,""
wheeles,1,"",""
whelped,1,"",""
wherefore,5,3,348
wherfore,1,"",""
whet,1,1,4
whil,4,3,""
whilest,1,"",""
whisper,2,1,2
whit,1,1,5
whizzing,1,"",""
who,32,42,968
whole,2,8,250
wholsome,1,5,""
whom,1,4,763
wide,1,4,15
wife,7,8,407
wil,1,4,""
wildenesse,2,1,""
will,163,149,3836
willes,1,1,""
william,1,1,""
willing,2,2,32
wilt,6,8,245
winde,4,12,""
window,2,1,16
windowes,3,"",""
winds,1,1,23
wine,5,2,231
wing,2,1,13
winne,1,1,""
winters,1,1,""
wise,4,2,247
wisedom,1,"",""
wisedome,2,5,""
wisely,4,2,14
wish,7,4,6
wisht,1,"",""
wit,1,4,22
withall,4,6,""
witnesse,2,1,""
wiues,1,"",""
woe,2,8,106
wofull,1,"",""
wolfe,1,"",""
woman,5,7,364
womanish,1,"",""
womans,1,1,""
women,3,"",182
womens,1,1,""
wonder,2,4,15
wonderfull,1,2,""
wonders,1,"",55
wont,1,3,9
wood,1,1,140
word,20,12,699
words,12,19,546
worke,10,9,""
workman,1,"",10
world,18,25,288
worldly,1,"",2
worse,4,3,26
worships,1,"",""
worst,2,1,1
worth,5,1,9
worthier,1,"",""
worthinesse,2,"",""
worthles,1,"",""
worthy,9,1,68
wound,2,"",25
wounded,1,2,35
wounds,5,"",15
wrangle,1,"",""
wrath,1,1,198
wrathfully,1,"",""
wreath,1,"",1
wretched,1,4,2
wring,1,1,3
writ,2,6,""
write,4,1,91
writings,1,"",1
wrong,20,8,26
wrongs,2,"",""
wrought,1,1,100
yawn,1,"",""
yea,4,4,340
yeare,1,5,""
yeares,2,2,""
yee,4,"",""
yeeld,3,1,""
yeelded,1,"",""
yeelds,1,"",""
yeeres,2,"",""
yes,6,5,4
yesterday,2,1,9
yesternight,1,1,3
yoake,2,"",""
yoaked,1,"",""
yong,9,8,""
young,1,9,300
youthfull,1,"",""
youths,1,"",2
