word,count_0,weight_0,count_1,weight_1,count_2,weight_2,count_3,weight_3,total,total-weight
data,114,5.544,81,3.966,82,5.836,68,6.215,345,32.683
spark,42,2.042,38,1.860,45,3.202,30,2.742,155,14.925
using,54,2.626,46,2.252,27,1.921,26,2.376,153,13.908
hadoop,26,1.264,23,1.126,22,1.565,19,1.736,90,8.627
hive,29,1.410,25,1.224,14,0.996,13,1.188,81,7.303
hdfs,29,1.410,19,0.930,11,0.782,9,0.822,68,5.978
apache,9,0.437,33,1.616,13,0.925,10,0.914,65,5.9
worked,19,0.924,17,0.832,6,0.427,13,1.188,55,5.11
aws,8,0.389,5,0.244,13,0.925,27,2.468,53,6.103
big,11,0.535,6,0.293,17,1.209,18,1.645,52,5.581
streaming,11,0.535,11,0.538,15,1.067,13,1.188,50,5.045
kafka,15,0.729,5,0.244,13,0.925,14,1.279,47,4.816
sql,18,0.875,15,0.734,9,0.640,5,0.457,47,4.102
sqoop,15,0.729,12,0.587,8,0.569,7,0.639,42,3.826
pig,16,0.778,19,0.930,6,0.427,0,"",41,""
cluster,16,0.778,6,0.293,3,0.213,14,1.279,39,3.885
developed,12,0.583,14,0.685,4,0.284,3,0.274,33,2.768
experience,13,0.632,7,0.342,8,0.569,5,0.457,33,3.032
oozie,15,0.729,9,0.440,4,0.284,3,0.274,31,2.618
implemented,7,0.340,14,0.685,7,0.498,3,0.274,31,2.724
processing,10,0.486,6,0.293,10,0.711,5,0.457,31,2.951
cloud,2,0.097,7,0.342,14,0.996,7,0.639,30,3.144
etl,9,0.437,9,0.440,5,0.355,3,0.274,26,2.283
created,11,0.535,10,0.489,2,0.142,2,0.182,25,2.043
hbase,7,0.340,10,0.489,5,0.355,2,0.182,24,2.071
database,8,0.389,6,0.293,4,0.284,6,0.548,24,2.295
involved,7,0.340,14,0.685,2,0.142,0,"",23,""
system,8,0.389,7,0.342,3,0.213,5,0.457,23,2.124
analysis,4,0.194,9,0.440,7,0.498,2,0.182,22,1.992
queries,9,0.437,9,0.440,2,0.142,2,0.182,22,1.821
business,7,0.340,7,0.342,5,0.355,2,0.182,21,1.848
analytics,6,0.291,7,0.342,6,0.427,1,0.091,20,1.745
files,7,0.340,5,0.244,3,0.213,5,0.457,20,1.901
services,3,0.145,6,0.293,7,0.498,4,0.365,20,1.972
performance,11,0.535,1,0.048,4,0.284,4,0.365,20,1.868
python,9,0.437,7,0.342,1,0.071,3,0.274,20,1.704
cloudera,6,0.291,4,0.195,3,0.213,6,0.548,19,1.89
cassandra,4,0.194,7,0.342,5,0.355,3,0.274,19,1.766
tables,6,0.291,10,0.489,1,0.071,2,0.182,19,1.566
flume,6,0.291,5,0.244,4,0.284,3,0.274,18,1.657
web,3,0.145,6,0.293,7,0.498,2,0.182,18,1.695
data.,6,0.291,4,0.195,4,0.284,3,0.274,17,1.583
structured,4,0.194,4,0.195,2,0.142,7,0.639,17,1.774
like,2,0.097,5,0.244,6,0.427,4,0.365,17,1.717
transformations,3,0.145,9,0.440,3,0.213,2,0.182,17,1.486
scripts,5,0.243,10,0.489,0,"",2,0.182,17,""
design,6,0.291,8,0.391,2,0.142,1,0.091,17,1.387
management,10,0.486,5,0.244,0,"",1,0.091,16,""
hdfs.,4,0.194,7,0.342,3,0.213,2,0.182,16,1.411
development,5,0.243,3,0.146,3,0.213,5,0.457,16,1.605
time,5,0.243,5,0.244,4,0.284,2,0.182,16,1.445
java,0,"",15,0.734,0,"",1,0.091,16,""
tools,1,0.048,4,0.195,5,0.355,6,0.548,16,1.737
oracle,5,0.243,8,0.391,2,0.142,1,0.091,16,1.314
wrote,4,0.194,8,0.391,2,0.142,1,0.091,15,1.24
sources,6,0.291,5,0.244,3,0.213,1,0.091,15,1.272
api,6,0.291,5,0.244,4,0.284,0,"",15,""
mysql,7,0.340,4,0.195,1,0.071,3,0.274,15,1.334
zookeeper,4,0.194,3,0.146,5,0.355,3,0.274,15,1.469
project,2,0.097,4,0.195,7,0.498,2,0.182,15,1.473
jobs,7,0.340,4,0.195,1,0.071,3,0.274,15,1.334
systems,5,0.243,3,0.146,2,0.142,5,0.457,15,1.498
server,8,0.389,4,0.195,2,0.142,0,"",14,""
realtime,5,0.243,3,0.146,4,0.284,2,0.182,14,1.296
kafka.,7,0.340,3,0.146,2,0.142,2,0.182,14,1.228
processing.,2,0.097,6,0.293,3,0.213,3,0.274,14,1.329
nifi,0,"",11,0.538,2,0.142,1,0.091,14,""
clusters,2,0.097,3,0.146,4,0.284,5,0.457,14,1.492
s3,2,0.097,1,0.048,3,0.213,8,0.731,14,1.651
custom,3,0.145,6,0.293,3,0.213,2,0.182,14,1.263
performed,5,0.243,2,0.097,2,0.142,5,0.457,14,1.423
code,4,0.194,6,0.293,2,0.142,1,0.091,13,1.091
new,4,0.194,3,0.146,4,0.284,2,0.182,13,1.222
load,5,0.243,4,0.195,0,"",4,0.365,13,""
testing,5,0.243,5,0.244,1,0.071,2,0.182,13,1.122
partitioning,4,0.194,3,0.146,4,0.284,2,0.182,13,1.222
databases,6,0.291,0,"",5,0.355,2,0.182,13,""
process,2,0.097,5,0.244,1,0.071,4,0.365,12,1.178
integrated,4,0.194,2,0.097,1,0.071,5,0.457,12,1.241
amazon,1,0.048,0,"",6,0.427,5,0.457,12,""
configured,5,0.243,3,0.146,1,0.071,3,0.274,12,1.113
log,8,0.389,1,0.048,0,"",3,0.274,12,""
spring,0,"",12,0.587,0,"",0,"",12,""
pipelines,3,0.145,2,0.097,6,0.427,1,0.091,12,1.152
rdd,2,0.097,5,0.244,5,0.355,0,"",12,""
hortonworks,1,0.048,2,0.097,2,0.142,7,0.639,12,1.404
scala,2,0.097,7,0.342,2,0.142,1,0.091,12,1.019
real,2,0.097,5,0.244,2,0.142,3,0.274,12,1.147
designed,6,0.291,3,0.146,1,0.071,2,0.182,12,1.046
storm,4,0.194,6,0.293,2,0.142,0,"",12,""
engineer,5,0.243,3,0.146,2,0.142,2,0.182,12,1.081
applications,2,0.097,5,0.244,2,0.142,3,0.274,12,1.147
yarn,4,0.194,4,0.195,1,0.071,3,0.274,12,1.113
large,4,0.194,4,0.195,3,0.213,1,0.091,12,1.05
tuning,6,0.291,0,"",4,0.284,2,0.182,12,""
workflows,8,0.389,1,0.048,2,0.142,1,0.091,12,1.016
unix,0,"",7,0.342,2,0.142,2,0.182,11,""
tableau,4,0.194,4,0.195,2,0.142,1,0.091,11,0.943
environment:,6,0.291,5,0.244,0,"",0,"",11,""
engine,2,0.097,5,0.244,2,0.142,2,0.182,11,1.008
responsible,2,0.097,5,0.244,0,"",4,0.365,11,""
ingestion,3,0.145,2,0.097,3,0.213,2,0.182,10,0.966
based,4,0.194,2,0.097,4,0.284,0,"",10,""
create,2,0.097,3,0.146,1,0.071,4,0.365,10,1.029
may,5,0.243,5,0.244,0,"",0,"",10,""
teradata,4,0.194,3,0.146,3,0.213,0,"",10,""
javascript,1,0.048,6,0.293,3,0.213,0,"",10,""
redshift,1,0.048,0,"",6,0.427,3,0.274,10,""
cluster.,7,0.340,2,0.097,0,"",1,0.091,10,""
installed,6,0.291,3,0.146,0,"",1,0.091,10,""
sqoop.,3,0.145,2,0.097,3,0.213,2,0.182,10,0.966
environment,2,0.097,3,0.146,4,0.284,1,0.091,10,0.937
kerberos,4,0.194,0,"",2,0.142,4,0.365,10,""
pipeline,2,0.097,0,"",3,0.213,4,0.365,9,""
stream,4,0.194,1,0.048,3,0.213,1,0.091,9,0.828
security,2,0.097,0,"",1,0.071,6,0.548,9,""
building,4,0.194,1,0.048,2,0.142,2,0.182,9,0.858
integration,2,0.097,3,0.146,2,0.142,2,0.182,9,0.859
distributed,4,0.194,3,0.146,1,0.071,1,0.091,9,0.761
json,2,0.097,4,0.195,1,0.071,2,0.182,9,0.826
source,4,0.194,4,0.195,1,0.071,0,"",9,""
reduce,1,0.048,6,0.293,1,0.071,1,0.091,9,0.762
batch,1,0.048,1,0.048,6,0.427,1,0.091,9,0.931
writing,2,0.097,4,0.195,1,0.071,2,0.182,9,0.826
scheduling,3,0.145,2,0.097,1,0.071,3,0.274,9,0.89
shell,1,0.048,6,0.293,0,"",2,0.182,9,""
mapreduce,0,"",7,0.342,2,0.142,0,"",9,""
rdbms,2,0.097,4,0.195,2,0.142,1,0.091,9,0.796
creating,4,0.194,4,0.195,0,"",1,0.091,9,""
application,5,0.243,2,0.097,0,"",2,0.182,9,""
loading,2,0.097,2,0.097,2,0.142,3,0.274,9,0.925
map,0,"",6,0.293,2,0.142,0,"",8,""
developer,2,0.097,4,0.195,0,"",2,0.182,8,""
extract,3,0.145,2,0.097,1,0.071,2,0.182,8,0.75
iot,0,"",0,"",8,0.569,0,"",8,""
ambari,1,0.048,3,0.146,0,"",4,0.365,8,""
team,1,0.048,4,0.195,1,0.071,2,0.182,8,0.752
emr,2,0.097,1,0.048,2,0.142,3,0.274,8,0.85
importing,3,0.145,3,0.146,1,0.071,1,0.091,8,0.687
ec2,3,0.145,0,"",4,0.284,1,0.091,8,""
imported,4,0.194,2,0.097,2,0.142,0,"",8,""
scripting,1,0.048,2,0.097,2,0.142,3,0.274,8,0.85
skills,1,0.048,3,0.146,3,0.213,1,0.091,8,0.755
build,2,0.097,4,0.195,2,0.142,0,"",8,""
scala.,2,0.097,3,0.146,0,"",3,0.274,8,""
architecture,3,0.145,1,0.048,4,0.284,0,"",8,""
run,4,0.194,2,0.097,2,0.142,0,"",8,""
perform,0,"",5,0.244,1,0.071,2,0.182,8,""
extensively,2,0.097,3,0.146,3,0.213,0,"",8,""
parquet,3,0.145,3,0.146,1,0.071,1,0.091,8,0.687
kibana,0,"",3,0.146,3,0.213,2,0.182,8,""
plsql,0,"",6,0.293,2,0.142,0,"",8,""
loaded,2,0.097,2,0.097,4,0.284,0,"",8,""
hive.,3,0.145,1,0.048,2,0.142,1,0.091,7,0.646
production,2,0.097,4,0.195,1,0.071,0,"",7,""
requirements,0,"",4,0.195,3,0.213,0,"",7,""
zeppelin,6,0.291,0,"",1,0.071,0,"",7,""
apple,7,0.340,0,"",0,"",0,"",7,""
programming,0,"",4,0.195,1,0.071,2,0.182,7,""
cdh,2,0.097,4,0.195,1,0.071,0,"",7,""
handled,1,0.048,2,0.097,0,"",4,0.365,7,""
mongodb,5,0.243,1,0.048,1,0.071,0,"",7,""
xml,1,0.048,4,0.195,0,"",2,0.182,7,""
actions,0,"",4,0.195,2,0.142,1,0.091,7,""
bucketing,2,0.097,1,0.048,2,0.142,2,0.182,7,0.711
built,4,0.194,0,"",2,0.142,1,0.091,7,""
file,1,0.048,4,0.195,1,0.071,1,0.091,7,0.614
analysis.,3,0.145,3,0.146,1,0.071,0,"",7,""
unstructured,1,0.048,4,0.195,2,0.142,0,"",7,""
processes,2,0.097,2,0.097,3,0.213,0,"",7,""
service,1,0.048,1,0.048,5,0.355,0,"",7,""
solr,0,"",4,0.195,2,0.142,1,0.091,7,""
professional,2,0.097,2,0.097,2,0.142,1,0.091,7,0.647
avro,1,0.048,2,0.097,1,0.071,3,0.274,7,0.743
engineering,0,"",1,0.048,3,0.213,3,0.274,7,""
transformation,1,0.048,2,0.097,3,0.213,1,0.091,7,0.681
working,3,0.145,1,0.048,2,0.142,1,0.091,7,0.646
advanced,2,0.097,2,0.097,2,0.142,1,0.091,7,0.647
optimization,3,0.145,1,0.048,3,0.213,0,"",7,""
functions,2,0.097,1,0.048,1,0.071,3,0.274,7,0.743
google,1,0.048,0,"",6,0.427,0,"",7,""
customer,1,0.048,2,0.097,2,0.142,1,0.091,6,0.573
handson,1,0.048,1,0.048,1,0.071,3,0.274,6,0.668
informatica,2,0.097,3,0.146,1,0.071,0,"",6,""
workflow,4,0.194,2,0.097,0,"",0,"",6,""
administration,2,0.097,3,0.146,1,0.071,0,"",6,""
relational,1,0.048,1,0.048,2,0.142,2,0.182,6,0.637
setting,2,0.097,3,0.146,1,0.071,0,"",6,""
manager,2,0.097,1,0.048,0,"",3,0.274,6,""
job,2,0.097,1,0.048,1,0.071,2,0.182,6,0.603
managed,4,0.194,0,"",0,"",2,0.182,6,""
configuration,2,0.097,3,0.146,1,0.071,0,"",6,""
science,1,0.048,0,"",4,0.284,1,0.091,6,""
reports,5,0.243,1,0.048,0,"",0,"",6,""
implementation,3,0.145,2,0.097,1,0.071,0,"",6,""
jobs.,1,0.048,2,0.097,3,0.213,0,"",6,""
high,2,0.097,1,0.048,1,0.071,2,0.182,6,0.603
warehouse,2,0.097,0,"",2,0.142,2,0.182,6,""
ecosystem,2,0.097,1,0.048,1,0.071,2,0.182,6,0.603
closely,1,0.048,3,0.146,2,0.142,0,"",6,""
stored,1,0.048,4,0.195,1,0.071,0,"",6,""
setup,0,"",1,0.048,2,0.142,3,0.274,6,""
mvc,0,"",5,0.244,1,0.071,0,"",6,""
automate,3,0.145,2,0.097,0,"",1,0.091,6,""
bi,3,0.145,3,0.146,0,"",0,"",6,""
script,4,0.194,1,0.048,1,0.071,0,"",6,""
implementing,1,0.048,3,0.146,2,0.142,0,"",6,""
maven,0,"",5,0.244,1,0.071,0,"",6,""
running,1,0.048,4,0.195,1,0.071,0,"",6,""
kinesis,0,"",0,"",3,0.213,3,0.274,6,""
platform,3,0.145,2,0.097,1,0.071,0,"",6,""
impala,2,0.097,3,0.146,1,0.071,0,"",6,""
designing,1,0.048,4,0.195,1,0.071,0,"",6,""
external,3,0.145,3,0.146,0,"",0,"",6,""
test,6,0.291,0,"",0,"",0,"",6,""
multiple,4,0.194,1,0.048,0,"",1,0.091,6,""
bucket,3,0.145,1,0.048,0,"",2,0.182,6,""
quality,3,0.145,1,0.048,1,0.071,1,0.091,6,0.538
storage,3,0.145,0,"",1,0.071,2,0.182,6,""
standards,1,0.048,3,0.146,0,"",1,0.091,5,""
distributions,0,"",1,0.048,1,0.071,3,0.274,5,""
ssis,4,0.194,1,0.048,0,"",0,"",5,""
2016,2,0.097,2,0.097,1,0.071,0,"",5,""
complex,4,0.194,1,0.048,0,"",0,"",5,""
2012,3,0.145,2,0.097,0,"",0,"",5,""
azure,1,0.048,2,0.097,2,0.142,0,"",5,""
university,1,0.048,1,0.048,3,0.213,0,"",5,""
nosql,1,0.048,0,"",3,0.213,1,0.091,5,""
atlanta,1,0.048,2,0.097,2,0.142,0,"",5,""
functional,0,"",3,0.146,0,"",2,0.182,5,""
programs,2,0.097,3,0.146,0,"",0,"",5,""
queries.,4,0.194,1,0.048,0,"",0,"",5,""
technologies:,0,"",1,0.048,4,0.284,0,"",5,""
dashboards,5,0.243,0,"",0,"",0,"",5,""
maintenance,1,0.048,2,0.097,0,"",2,0.182,5,""
visualization,1,0.048,2,0.097,2,0.142,0,"",5,""
query,2,0.097,0,"",2,0.142,1,0.091,5,""
frame,0,"",2,0.097,2,0.142,1,0.091,5,""
reporting,3,0.145,1,0.048,1,0.071,0,"",5,""
views,2,0.097,1,0.048,2,0.142,0,"",5,""
solutions,1,0.048,3,0.146,0,"",1,0.091,5,""
years,2,0.097,0,"",2,0.142,1,0.091,5,""
ensure,3,0.145,1,0.048,0,"",1,0.091,5,""
ranger,0,"",0,"",1,0.071,4,0.365,5,""
lake,2,0.097,0,"",1,0.071,2,0.182,5,""
user,1,0.048,1,0.048,0,"",3,0.274,5,""
applications.,1,0.048,1,0.048,2,0.142,1,0.091,5,0.499
support,2,0.097,1,0.048,0,"",2,0.182,5,""
able,1,0.048,1,0.048,1,0.071,2,0.182,5,0.529
developing,2,0.097,2,0.097,1,0.071,0,"",5,""
aws.,0,"",0,"",1,0.071,4,0.365,5,""
moving,2,0.097,1,0.048,1,0.071,1,0.091,5,0.465
elasticsearch,0,"",2,0.097,2,0.142,1,0.091,5,""
sentry,4,0.194,0,"",1,0.071,0,"",5,""
language,0,"",2,0.097,1,0.071,2,0.182,5,""
clients,2,0.097,1,0.048,1,0.071,1,0.091,5,0.465
datasets,2,0.097,1,0.048,2,0.142,0,"",5,""
technical,1,0.048,3,0.146,0,"",1,0.091,5,""
platforms,1,0.048,2,0.097,2,0.142,0,"",5,""
store,2,0.097,1,0.048,1,0.071,1,0.091,5,0.465
dynamodb,0,"",0,"",2,0.142,3,0.274,5,""
search,1,0.048,1,0.048,3,0.213,0,"",5,""
computer,1,0.048,0,"",3,0.213,1,0.091,5,""
udf's,1,0.048,3,0.146,0,"",1,0.091,5,""
well,1,0.048,2,0.097,1,0.071,1,0.091,5,0.465
dataframes,3,0.145,2,0.097,0,"",0,"",5,""
node,2,0.097,2,0.097,0,"",1,0.091,5,""
company,0,"",0,"",5,0.355,0,"",5,""
enterprise,2,0.097,2,0.097,0,"",1,0.091,5,""
faster,2,0.097,1,0.048,2,0.142,0,"",5,""
existing,1,0.048,3,0.146,1,0.071,0,"",5,""
daily,3,0.145,2,0.097,0,"",0,"",5,""
usa,1,0.048,0,"",4,0.284,0,"",5,""
transfer,3,0.145,1,0.048,0,"",1,0.091,5,""
scheduled,2,0.097,2,0.097,0,"",1,0.091,5,""
kerberos.,1,0.048,1,0.048,0,"",3,0.274,5,""
dynamic,2,0.097,3,0.146,0,"",0,"",5,""
framework,3,0.145,0,"",1,0.071,1,0.091,5,""
requirement,0,"",3,0.146,0,"",1,0.091,4,""
airflow,1,0.048,1,0.048,0,"",2,0.182,4,""
financial,1,0.048,3,0.146,0,"",0,"",4,""
lambda,0,"",0,"",1,0.071,3,0.274,4,""
understanding,0,"",2,0.097,2,0.142,0,"",4,""
name,2,0.097,2,0.097,0,"",0,"",4,""
certifications,1,0.048,1,0.048,1,0.071,1,0.091,4,0.391
stakeholders,0,"",0,"",4,0.284,0,"",4,""
tables.,2,0.097,1,0.048,0,"",1,0.091,4,""
monitoring,4,0.194,0,"",0,"",0,"",4,""
format,0,"",3,0.146,0,"",1,0.091,4,""
deploy,1,0.048,3,0.146,0,"",0,"",4,""
handling,2,0.097,1,0.048,1,0.071,0,"",4,""
managing,1,0.048,2,0.097,0,"",1,0.091,4,""
cleansing,0,"",2,0.097,2,0.142,0,"",4,""
education,1,0.048,1,0.048,1,0.071,1,0.091,4,0.391
technology,0,"",1,0.048,3,0.213,0,"",4,""
table,3,0.145,1,0.048,0,"",0,"",4,""
procedures,1,0.048,1,0.048,0,"",2,0.182,4,""
develop,2,0.097,1,0.048,0,"",1,0.091,4,""
migrated,2,0.097,0,"",0,"",2,0.182,4,""
aug,2,0.097,2,0.097,0,"",0,"",4,""
camel,2,0.097,1,0.048,0,"",1,0.091,4,""
capacity,1,0.048,1,0.048,0,"",2,0.182,4,""
upgrades,1,0.048,0,"",0,"",3,0.274,4,""
extracting,1,0.048,0,"",1,0.071,2,0.182,4,""
partitions,2,0.097,1,0.048,1,0.071,0,"",4,""
terabytes,0,"",1,0.048,1,0.071,2,0.182,4,""
oltp,0,"",3,0.146,1,0.071,0,"",4,""
gather,0,"",1,0.048,3,0.213,0,"",4,""
altice,0,"",0,"",4,0.284,0,"",4,""
nodes,2,0.097,1,0.048,0,"",1,0.091,4,""
prepared,0,"",4,0.195,0,"",0,"",4,""
implement,0,"",1,0.048,3,0.213,0,"",4,""
learning,1,0.048,0,"",3,0.213,0,"",4,""
participated,2,0.097,1,0.048,1,0.071,0,"",4,""
talend,2,0.097,0,"",2,0.142,0,"",4,""
ajax,0,"",3,0.146,1,0.071,0,"",4,""
tools.,2,0.097,1,0.048,0,"",1,0.091,4,""
agile,0,"",3,0.146,0,"",1,0.091,4,""
status,0,"",2,0.097,2,0.142,0,"",4,""
migrating,0,"",3,0.146,0,"",1,0.091,4,""
secure,2,0.097,1,0.048,0,"",1,0.091,4,""
receive,1,0.048,2,0.097,1,0.071,0,"",4,""
requirements.,2,0.097,1,0.048,1,0.071,0,"",4,""
tool,1,0.048,3,0.146,0,"",0,"",4,""
analyze,1,0.048,2,0.097,1,0.071,0,"",4,""
servers,3,0.145,1,0.048,0,"",0,"",4,""
virtual,2,0.097,0,"",2,0.142,0,"",4,""
ga,1,0.048,2,0.097,1,0.071,0,"",4,""
defined,0,"",0,"",0,"",4,0.365,4,""
extraction,1,0.048,1,0.048,0,"",2,0.182,4,""
interactive,1,0.048,1,0.048,2,0.142,0,"",4,""
jsp,0,"",4,0.195,0,"",0,"",4,""
rdds,3,0.145,1,0.048,0,"",0,"",4,""
availability,2,0.097,1,0.048,0,"",1,0.091,4,""
hands,1,0.048,2,0.097,1,0.071,0,"",4,""
client,1,0.048,3,0.146,0,"",0,"",4,""
operations,1,0.048,2,0.097,1,0.071,0,"",4,""
unit,0,"",3,0.146,0,"",1,0.091,4,""
flume.,2,0.097,1,0.048,0,"",1,0.091,4,""
summary,1,0.048,1,0.048,1,0.071,1,0.091,4,0.391
southern,1,0.048,0,"",3,0.213,0,"",4,""
sets,1,0.048,2,0.097,1,0.071,0,"",4,""
linux,2,0.097,1,0.048,1,0.071,0,"",4,""
converting,2,0.097,2,0.097,0,"",0,"",4,""
orc,0,"",2,0.097,1,0.071,1,0.091,4,""
optimize,1,0.048,0,"",1,0.071,2,0.182,4,""
connect,3,0.145,1,0.048,0,"",0,"",4,""
convert,0,"",4,0.195,0,"",0,"",4,""
regular,2,0.097,1,0.048,1,0.071,0,"",4,""
2015,2,0.097,2,0.097,0,"",0,"",4,""
clusters.,2,0.097,0,"",1,0.071,1,0.091,4,""
buckets,2,0.097,0,"",0,"",2,0.182,4,""
planning,2,0.097,0,"",2,0.142,0,"",4,""
scalable,1,0.048,1,0.048,1,0.071,1,0.091,4,0.391
flow,3,0.145,1,0.048,0,"",0,"",4,""
s3.,1,0.048,1,0.048,1,0.071,1,0.091,4,0.391
broker,1,0.048,0,"",0,"",3,0.274,4,""
semistructured,1,0.048,1,0.048,2,0.142,0,"",4,""
scientists,0,"",1,0.048,3,0.213,0,"",4,""
2010,2,0.097,2,0.097,0,"",0,"",4,""
azkaban,4,0.194,0,"",0,"",0,"",4,""
hadoop.,1,0.048,2,0.097,0,"",1,0.091,4,""
memory,2,0.097,0,"",0,"",2,0.182,4,""
disparate,1,0.048,1,0.048,2,0.142,0,"",4,""
udfs,0,"",2,0.097,1,0.071,1,0.091,4,""
ny,1,0.048,0,"",3,0.213,0,"",4,""
risk,1,0.048,3,0.146,0,"",0,"",4,""
version,1,0.048,0,"",1,0.071,2,0.182,4,""
executed,3,0.145,1,0.048,0,"",0,"",4,""
instances,2,0.097,1,0.048,1,0.071,0,"",4,""
transform,2,0.097,0,"",1,0.071,1,0.091,4,""
distribution,0,"",2,0.097,1,0.071,1,0.091,4,""
input,0,"",1,0.048,1,0.071,1,0.091,3,""
expertise,2,0.097,1,0.048,0,"",0,"",3,""
include,0,"",2,0.097,0,"",1,0.091,3,""
joins,2,0.097,1,0.048,0,"",0,"",3,""
instance,2,0.097,1,0.048,0,"",0,"",3,""
metadata,1,0.048,0,"",0,"",2,0.182,3,""
present,1,0.048,1,0.048,0,"",1,0.091,3,""
analysts,0,"",1,0.048,2,0.142,0,"",3,""
il,1,0.048,0,"",0,"",2,0.182,3,""
set,1,0.048,1,0.048,1,0.071,0,"",3,""
hql,0,"",1,0.048,1,0.071,1,0.091,3,""
postgresql,1,0.048,0,"",1,0.071,1,0.091,3,""
tasks.,1,0.048,1,0.048,0,"",1,0.091,3,""
layer,0,"",2,0.097,1,0.071,0,"",3,""
power,1,0.048,1,0.048,1,0.071,0,"",3,""
back,0,"",2,0.097,1,0.071,0,"",3,""
report,2,0.097,1,0.048,0,"",0,"",3,""
export,2,0.097,1,0.048,0,"",0,"",3,""
systems.,1,0.048,0,"",0,"",2,0.182,3,""
level,1,0.048,2,0.097,0,"",0,"",3,""
anaconda,2,0.097,1,0.048,0,"",0,"",3,""
projects.,0,"",0,"",2,0.142,1,0.091,3,""
schema,1,0.048,2,0.097,0,"",0,"",3,""
apis,1,0.048,2,0.097,0,"",0,"",3,""
viceversa,1,0.048,1,0.048,0,"",1,0.091,3,""
application.,0,"",3,0.146,0,"",0,"",3,""
utility,0,"",0,"",3,0.213,0,"",3,""
task,1,0.048,0,"",1,0.071,1,0.091,3,""
enabled,2,0.097,0,"",0,"",1,0.091,3,""
handle,0,"",3,0.146,0,"",0,"",3,""
messages,0,"",1,0.048,0,"",2,0.182,3,""
model,2,0.097,1,0.048,0,"",0,"",3,""
troubleshooting,2,0.097,0,"",1,0.071,0,"",3,""
batches,0,"",1,0.048,1,0.071,1,0.091,3,""
optimized,0,"",1,0.048,1,0.071,1,0.091,3,""
residing,0,"",1,0.048,1,0.071,1,0.091,3,""
formation,0,"",0,"",0,"",3,0.274,3,""
software,1,0.048,1,0.048,0,"",1,0.091,3,""
requirement.,0,"",2,0.097,0,"",1,0.091,3,""
contact,0,"",2,0.097,0,"",1,0.091,3,""
divide,0,"",1,0.048,1,0.071,1,0.091,3,""
staging,2,0.097,1,0.048,0,"",0,"",3,""
proprietary,3,0.145,0,"",0,"",0,"",3,""
control,0,"",2,0.097,1,0.071,0,"",3,""
network,0,"",2,0.097,1,0.071,0,"",3,""
jenkins,0,"",0,"",0,"",3,0.274,3,""
elastic,0,"",2,0.097,1,0.071,0,"",3,""
process.,2,0.097,0,"",0,"",1,0.091,3,""
jquery,1,0.048,1,0.048,1,0.071,0,"",3,""
eclipse,0,"",2,0.097,0,"",1,0.091,3,""
users.,1,0.048,0,"",1,0.071,1,0.091,3,""
execution,2,0.097,0,"",1,0.071,0,"",3,""
databases.,1,0.048,0,"",2,0.142,0,"",3,""
maintained,2,0.097,1,0.048,0,"",0,"",3,""
institute,0,"",1,0.048,1,0.071,1,0.091,3,""
environment.,1,0.048,1,0.048,0,"",1,0.091,3,""
spark.,2,0.097,0,"",0,"",1,0.091,3,""
database.,0,"",2,0.097,0,"",1,0.091,3,""
live,2,0.097,0,"",1,0.071,0,"",3,""
track,0,"",1,0.048,1,0.071,1,0.091,3,""
5.5.1,0,"",3,0.146,0,"",0,"",3,""
plans,1,0.048,0,"",2,0.142,0,"",3,""
hbase.,0,"",1,0.048,1,0.071,1,0.091,3,""
2008,1,0.048,2,0.097,0,"",0,"",3,""
bridgeport,0,"",0,"",3,0.213,0,"",3,""
notebooks,1,0.048,1,0.048,1,0.071,0,"",3,""
metrics,2,0.097,1,0.048,0,"",0,"",3,""
networks,0,"",2,0.097,1,0.071,0,"",3,""
rest,1,0.048,1,0.048,1,0.071,0,"",3,""
lakes,0,"",0,"",3,0.213,0,"",3,""
formats,0,"",1,0.048,0,"",2,0.182,3,""
dao,0,"",3,0.146,0,"",0,"",3,""
hibernate,0,"",3,0.146,0,"",0,"",3,""
states.,0,"",0,"",3,0.213,0,"",3,""
order,1,0.048,0,"",2,0.142,0,"",3,""
rds,0,"",0,"",1,0.071,2,0.182,3,""
aggregated,1,0.048,2,0.097,0,"",0,"",3,""
environments.,2,0.097,1,0.048,0,"",0,"",3,""
knowledge,1,0.048,0,"",0,"",2,0.182,3,""
skilled,0,"",1,0.048,1,0.071,1,0.091,3,""
intelligence,0,"",2,0.097,1,0.071,0,"",3,""
j2ee,0,"",3,0.146,0,"",0,"",3,""
materialized,2,0.097,0,"",1,0.071,0,"",3,""
driver,3,0.145,0,"",0,"",0,"",3,""
deploying,2,0.097,1,0.048,0,"",0,"",3,""
guevara,0,"",3,0.146,0,"",0,"",3,""
part,1,0.048,2,0.097,0,"",0,"",3,""
fault,0,"",1,0.048,1,0.071,1,0.091,3,""
files.,1,0.048,1,0.048,0,"",1,0.091,3,""
made,3,0.145,0,"",0,"",0,"",3,""
review,0,"",1,0.048,2,0.142,0,"",3,""
dataflow,0,"",0,"",3,0.213,0,"",3,""
authentication,2,0.097,0,"",1,0.071,0,"",3,""
storing,2,0.097,1,0.048,0,"",0,"",3,""
utilized,0,"",1,0.048,2,0.142,0,"",3,""
analyzed,0,"",3,0.146,0,"",0,"",3,""
join,1,0.048,0,"",2,0.142,0,"",3,""
ambari.,0,"",2,0.097,0,"",1,0.091,3,""
including,2,0.097,0,"",0,"",1,0.091,3,""
sparksqlstreaming,1,0.048,0,"",2,0.142,0,"",3,""
transformed,2,0.097,1,0.048,0,"",0,"",3,""
gzip,2,0.097,1,0.048,0,"",0,"",3,""
log4j,0,"",3,0.146,0,"",0,"",3,""
vmware,2,0.097,0,"",1,0.071,0,"",3,""
tasks,0,"",2,0.097,1,0.071,0,"",3,""
york,1,0.048,0,"",1,0.071,1,0.091,3,""
lucene,0,"",2,0.097,1,0.071,0,"",3,""
schema.,1,0.048,0,"",0,"",2,0.182,3,""
changes,2,0.097,0,"",0,"",1,0.091,3,""
providers,0,"",0,"",3,0.213,0,"",3,""
functionality,0,"",2,0.097,0,"",1,0.091,3,""
dec,2,0.097,1,0.048,0,"",0,"",3,""
reports.,1,0.048,2,0.097,0,"",0,"",3,""
git,0,"",0,"",0,"",3,0.274,3,""
continuous,1,0.048,1,0.048,0,"",1,0.091,3,""
hdp,0,"",1,0.048,1,0.071,1,0.091,3,""
monitored,1,0.048,1,0.048,0,"",1,0.091,3,""
modern,0,"",0,"",3,0.213,0,"",3,""
aggregation.,1,0.048,1,0.048,1,0.071,0,"",3,""
scheduler,2,0.097,0,"",0,"",1,0.091,3,""
extracted,1,0.048,2,0.097,0,"",0,"",3,""
optimizing,0,"",0,"",1,0.071,2,0.182,3,""
society,1,0.048,0,"",2,0.142,0,"",3,""
coordinating,2,0.097,0,"",0,"",1,0.091,3,""
incremental,1,0.048,1,0.048,0,"",1,0.091,3,""
mexico,1,0.048,2,0.097,0,"",0,"",3,""
integrating,1,0.048,1,0.048,1,0.071,0,"",3,""
directly,0,"",1,0.048,1,0.071,1,0.091,3,""
jan,2,0.097,1,0.048,0,"",0,"",3,""
decision,0,"",0,"",1,0.071,2,0.182,3,""
models,0,"",3,0.146,0,"",0,"",3,""
replication,3,0.145,0,"",0,"",0,"",3,""
manage,0,"",2,0.097,0,"",1,0.091,3,""
repository,3,0.145,0,"",0,"",0,"",3,""
successfully,1,0.048,0,"",2,0.142,0,"",3,""
installation,1,0.048,0,"",1,0.071,1,0.091,3,""
environments,0,"",2,0.097,0,"",1,0.091,3,""
migration,1,0.048,1,0.048,1,0.071,0,"",3,""
online,1,0.048,1,0.048,0,"",0,"",2,""
travel,2,0.097,0,"",0,"",0,"",2,""
import,2,0.097,0,"",0,"",0,"",2,""
sigma,0,"",2,0.097,0,"",0,"",2,""
ct,0,"",0,"",2,0.142,0,"",2,""
periodic,0,"",0,"",2,0.142,0,"",2,""
day,0,"",0,"",0,"",2,0.182,2,""
eclipse.,0,"",2,0.097,0,"",0,"",2,""
falcon,2,0.097,0,"",0,"",0,"",2,""
groups,1,0.048,0,"",0,"",1,0.091,2,""
transferred,2,0.097,0,"",0,"",0,"",2,""
adhoc,2,0.097,0,"",0,"",0,"",2,""
highly,0,"",0,"",1,0.071,1,0.091,2,""
critical,0,"",0,"",1,0.071,1,0.091,2,""
advertising,0,"",0,"",2,0.142,0,"",2,""
running.,1,0.048,1,0.048,0,"",0,"",2,""
aggregations,1,0.048,1,0.048,0,"",0,"",2,""
email:,0,"",1,0.048,0,"",1,0.091,2,""
fetching,1,0.048,0,"",1,0.071,0,"",2,""
rich,0,"",1,0.048,1,0.071,0,"",2,""
neural,0,"",1,0.048,1,0.071,0,"",2,""
verisign,0,"",2,0.097,0,"",0,"",2,""
office,0,"",2,0.097,0,"",0,"",2,""
junit,0,"",2,0.097,0,"",0,"",2,""
hivesql,1,0.048,1,0.048,0,"",0,"",2,""
modified,0,"",2,0.097,0,"",0,"",2,""
persistence,0,"",2,0.097,0,"",0,"",2,""
bigquery,0,"",0,"",2,0.142,0,"",2,""
presto,1,0.048,1,0.048,0,"",0,"",2,""
templates,0,"",0,"",0,"",2,0.182,2,""
bootstrap,0,"",0,"",2,0.142,0,"",2,""
applied,1,0.048,0,"",0,"",1,0.091,2,""
db2,1,0.048,1,0.048,0,"",0,"",2,""
document,0,"",1,0.048,1,0.071,0,"",2,""
migrations,0,"",0,"",2,0.142,0,"",2,""
producer,1,0.048,0,"",0,"",1,0.091,2,""
form,0,"",1,0.048,1,0.071,0,"",2,""
capable,1,0.048,0,"",0,"",1,0.091,2,""
collecting,1,0.048,1,0.048,0,"",0,"",2,""
container,0,"",0,"",2,0.142,0,"",2,""
dynamo,1,0.048,0,"",1,0.071,0,"",2,""
powershell,1,0.048,0,"",0,"",1,0.091,2,""
access,1,0.048,1,0.048,0,"",0,"",2,""
queue,1,0.048,1,0.048,0,"",0,"",2,""
apis.,2,0.097,0,"",0,"",0,"",2,""
variety,2,0.097,0,"",0,"",0,"",2,""
customize,1,0.048,1,0.048,0,"",0,"",2,""
2014,1,0.048,1,0.048,0,"",0,"",2,""
amity,0,"",0,"",2,0.142,0,"",2,""
generate,1,0.048,0,"",1,0.071,0,"",2,""
2013,1,0.048,1,0.048,0,"",0,"",2,""
server.,1,0.048,1,0.048,0,"",0,"",2,""
add,0,"",1,0.048,0,"",1,0.091,2,""
cicd,0,"",0,"",0,"",2,0.182,2,""
generic,2,0.097,0,"",0,"",0,"",2,""
pycharm,0,"",1,0.048,0,"",1,0.091,2,""
required,0,"",1,0.048,0,"",1,0.091,2,""
visual,0,"",0,"",1,0.071,1,0.091,2,""
expert,1,0.048,0,"",0,"",1,0.091,2,""
[pic][pic][pic][pic][pic],0,"",2,0.097,0,"",0,"",2,""
coding,0,"",2,0.097,0,"",0,"",2,""
logs.,1,0.048,1,0.048,0,"",0,"",2,""
platform.,0,"",0,"",0,"",2,0.182,2,""
apply,1,0.048,0,"",1,0.071,0,"",2,""
configure,0,"",0,"",0,"",2,0.182,2,""
gas,0,"",0,"",2,0.142,0,"",2,""
performant,1,0.048,0,"",1,0.071,0,"",2,""
privileges,2,0.097,0,"",0,"",0,"",2,""
bring,1,0.048,0,"",0,"",1,0.091,2,""
level.,0,"",1,0.048,0,"",1,0.091,2,""
paybook,2,0.097,0,"",0,"",0,"",2,""
aggregate,0,"",1,0.048,1,0.071,0,"",2,""
india,0,"",0,"",2,0.142,0,"",2,""
slomin's,0,"",0,"",2,0.142,0,"",2,""
mapr,0,"",1,0.048,1,0.071,0,"",2,""
guide,1,0.048,1,0.048,0,"",0,"",2,""
parse,0,"",2,0.097,0,"",0,"",2,""
administration.,2,0.097,0,"",0,"",0,"",2,""
procedures.,0,"",2,0.097,0,"",0,"",2,""
logging,0,"",2,0.097,0,"",0,"",2,""
determine,1,0.048,1,0.048,0,"",0,"",2,""
infrastructure,0,"",0,"",1,0.071,1,0.091,2,""
library,0,"",2,0.097,0,"",0,"",2,""
mobile,0,"",1,0.048,1,0.071,0,"",2,""
1.6,0,"",2,0.097,0,"",0,"",2,""
indexes,2,0.097,0,"",0,"",0,"",2,""
ovation,2,0.097,0,"",0,"",0,"",2,""
transfers,1,0.048,1,0.048,0,"",0,"",2,""
according,0,"",1,0.048,0,"",1,0.091,2,""
major,0,"",1,0.048,1,0.071,0,"",2,""
read,1,0.048,1,0.048,0,"",0,"",2,""
american,0,"",0,"",2,0.142,0,"",2,""
group,1,0.048,0,"",0,"",1,0.091,2,""
html,1,0.048,1,0.048,0,"",0,"",2,""
machine,1,0.048,0,"",1,0.071,0,"",2,""
planning.,0,"",1,0.048,0,"",1,0.091,2,""
system.,0,"",0,"",0,"",2,0.182,2,""
united,0,"",0,"",2,0.142,0,"",2,""
endtoend,0,"",0,"",0,"",2,0.182,2,""
future,1,0.048,0,"",1,0.071,0,"",2,""
partitioned,1,0.048,1,0.048,0,"",0,"",2,""
2002,0,"",0,"",0,"",2,0.182,2,""
filesday,2,0.097,0,"",0,"",0,"",2,""
2018,1,0.048,0,"",0,"",1,0.091,2,""
configuring,0,"",1,0.048,0,"",1,0.091,2,""
999,0,"",0,"",0,"",2,0.182,2,""
gpa:,0,"",0,"",2,0.142,0,"",2,""
intellij,0,"",1,0.048,0,"",1,0.091,2,""
optimal,1,0.048,1,0.048,0,"",0,"",2,""
efficient,1,0.048,1,0.048,0,"",0,"",2,""
services.,1,0.048,0,"",0,"",1,0.091,2,""
tolerant,0,"",0,"",1,0.071,1,0.091,2,""
architected,0,"",0,"",2,0.142,0,"",2,""
prototype,1,0.048,0,"",1,0.071,0,"",2,""
central,2,0.097,0,"",0,"",0,"",2,""
processed,0,"",1,0.048,0,"",1,0.091,2,""
compile,2,0.097,0,"",0,"",0,"",2,""
fast,0,"",1,0.048,0,"",1,0.091,2,""
insights,0,"",0,"",1,0.071,1,0.091,2,""
acquisitions,0,"",0,"",2,0.142,0,"",2,""
capabilities,0,"",1,0.048,0,"",1,0.091,2,""
focused,2,0.097,0,"",0,"",0,"",2,""
patches,0,"",0,"",0,"",2,0.182,2,""
pipeline.,1,0.048,0,"",1,0.071,0,"",2,""
types,1,0.048,0,"",1,0.071,0,"",2,""
needs,0,"",1,0.048,0,"",1,0.091,2,""
viacom,0,"",0,"",2,0.142,0,"",2,""
firehose,0,"",0,"",1,0.071,1,0.091,2,""
meetings.,0,"",0,"",2,0.142,0,"",2,""
nanotechnology,0,"",0,"",2,0.142,0,"",2,""
master,0,"",1,0.048,1,0.071,0,"",2,""
atom,1,0.048,0,"",0,"",1,0.091,2,""
exporting,1,0.048,1,0.048,0,"",0,"",2,""
orchestrating,1,0.048,0,"",0,"",1,0.091,2,""
jms,0,"",2,0.097,0,"",0,"",2,""
ci,0,"",0,"",0,"",2,0.182,2,""
clientside,0,"",1,0.048,1,0.071,0,"",2,""
entity,1,0.048,0,"",1,0.071,0,"",2,""
general,0,"",1,0.048,0,"",1,0.091,2,""
testdriven,0,"",1,0.048,0,"",1,0.091,2,""
updates,0,"",1,0.048,0,"",1,0.091,2,""
consumer,1,0.048,0,"",1,0.071,0,"",2,""
facilitated,0,"",0,"",2,0.142,0,"",2,""
restful,0,"",1,0.048,1,0.071,0,"",2,""
active,1,0.048,0,"",0,"",1,0.091,2,""
automation,1,0.048,0,"",1,0.071,0,"",2,""
client's,0,"",1,0.048,0,"",1,0.091,2,""
objectoriented,0,"",2,0.097,0,"",0,"",2,""
enable,0,"",1,0.048,0,"",1,0.091,2,""
stable,0,"",1,0.048,0,"",1,0.091,2,""
parallel,0,"",0,"",2,0.142,0,"",2,""
css,0,"",1,0.048,1,0.071,0,"",2,""
move,1,0.048,0,"",0,"",1,0.091,2,""
prepare,0,"",2,0.097,0,"",0,"",2,""
vicenteayala1888@gmail.com,0,"",2,0.097,0,"",0,"",2,""
end,1,0.048,0,"",1,0.071,0,"",2,""
jdk,0,"",2,0.097,0,"",0,"",2,""
operations.,1,0.048,1,0.048,0,"",0,"",2,""
sep,1,0.048,1,0.048,0,"",0,"",2,""
cdc,2,0.097,0,"",0,"",0,"",2,""
train,0,"",2,0.097,0,"",0,"",2,""
aggregation,0,"",1,0.048,1,0.071,0,"",2,""
documentation.,0,"",1,0.048,1,0.071,0,"",2,""
migrate,1,0.048,1,0.048,0,"",0,"",2,""
proper,0,"",1,0.048,0,"",1,0.091,2,""
2004,0,"",0,"",0,"",2,0.182,2,""
strategy,0,"",1,0.048,1,0.071,0,"",2,""
iam,0,"",0,"",0,"",2,0.182,2,""
request,0,"",2,0.097,0,"",0,"",2,""
sharepoint,1,0.048,1,0.048,0,"",0,"",2,""
shared,0,"",1,0.048,1,0.071,0,"",2,""
app,1,0.048,1,0.048,0,"",0,"",2,""
upgrading,1,0.048,1,0.048,0,"",0,"",2,""
internal,0,"",1,0.048,1,0.071,0,"",2,""
predictix,2,0.097,0,"",0,"",0,"",2,""
daily.,0,"",0,"",1,0.071,1,0.091,2,""
architectures,1,0.048,0,"",1,0.071,0,"",2,""
querying.,0,"",1,0.048,1,0.071,0,"",2,""
va,0,"",1,0.048,0,"",1,0.091,2,""
parallelism,1,0.048,0,"",0,"",1,0.091,2,""
logic,1,0.048,1,0.048,0,"",0,"",2,""
utilization,1,0.048,0,"",0,"",1,0.091,2,""
arangodb,0,"",0,"",2,0.142,0,"",2,""
index,2,0.097,0,"",0,"",0,"",2,""
strategic,1,0.048,1,0.048,0,"",0,"",2,""
vicente,0,"",2,0.097,0,"",0,"",2,""
across,0,"",1,0.048,0,"",1,0.091,2,""
github,0,"",1,0.048,0,"",1,0.091,2,""
jars,0,"",2,0.097,0,"",0,"",2,""
architect,0,"",0,"",2,0.142,0,"",2,""
sparksql,0,"",1,0.048,1,0.071,0,"",2,""
uses,0,"",0,"",1,0.071,1,0.091,2,""
development.,1,0.048,0,"",0,"",1,0.091,2,""
modeling,1,0.048,1,0.048,0,"",0,"",2,""
consulting,1,0.048,1,0.048,0,"",0,"",2,""
developers,2,0.097,0,"",0,"",0,"",2,""
hue,0,"",2,0.097,0,"",0,"",2,""
c++,0,"",1,0.048,1,0.071,0,"",2,""
correct,2,0.097,0,"",0,"",0,"",2,""
internet,0,"",0,"",2,0.142,0,"",2,""
teams,0,"",1,0.048,0,"",1,0.091,2,""
flat,1,0.048,1,0.048,0,"",0,"",2,""
[pic][pic],0,"",2,0.097,0,"",0,"",2,""
computing,0,"",0,"",1,0.071,1,0.091,2,""
profile,1,0.048,1,0.048,0,"",0,"",2,""
snappy,0,"",2,0.097,0,"",0,"",2,""
transforming,0,"",0,"",1,0.071,1,0.091,2,""
excellent,1,0.048,1,0.048,0,"",0,"",2,""
mllib,0,"",1,0.048,1,0.071,0,"",2,""
utilize,0,"",1,0.048,0,"",1,0.091,2,""
algorithms,1,0.048,0,"",1,0.071,0,"",2,""
containing,1,0.048,1,0.048,0,"",0,"",2,""
importexport,0,"",0,"",0,"",2,0.182,2,""
[pic][pic][pic],0,"",2,0.097,0,"",0,"",2,""
control.,1,0.048,0,"",0,"",1,0.091,2,""
largescale,1,0.048,0,"",0,"",1,0.091,2,""
solutions.,0,"",2,0.097,0,"",0,"",2,""
udf,0,"",1,0.048,0,"",1,0.091,2,""
work,2,0.097,0,"",0,"",0,"",2,""
ranger.,1,0.048,0,"",0,"",1,0.091,2,""
searching,0,"",1,0.048,1,0.071,0,"",2,""
analytics.,0,"",1,0.048,1,0.071,0,"",2,""
kettle,1,0.048,0,"",1,0.071,0,"",2,""
ejb,0,"",2,0.097,0,"",0,"",2,""
analyst,2,0.097,0,"",0,"",0,"",2,""
collections,2,0.097,0,"",0,"",0,"",2,""
streaming.,1,0.048,0,"",0,"",1,0.091,2,""
known,0,"",0,"",2,0.142,0,"",2,""
drill,1,0.048,1,0.048,0,"",0,"",2,""
here,1,0.048,0,"",0,"",1,0.091,2,""
consultant@gmail.com,0,"",0,"",0,"",2,0.182,2,""
centers,1,0.048,0,"",1,0.071,0,"",2,""
training,0,"",0,"",2,0.142,0,"",2,""
availability.,1,0.048,0,"",0,"",1,0.091,2,""
components,0,"",2,0.097,0,"",0,"",2,""
healthcare,1,0.048,1,0.048,0,"",0,"",2,""
jul,1,0.048,1,0.048,0,"",0,"",2,""
9999999,0,"",0,"",0,"",2,0.182,2,""
slomin’s,0,"",0,"",2,0.142,0,"",2,""
small,2,0.097,0,"",0,"",0,"",2,""
struts,0,"",2,0.097,0,"",0,"",2,""
update,0,"",1,0.048,0,"",1,0.091,2,""
sqs,1,0.048,0,"",1,0.071,0,"",2,""
birmingham,0,"",1,0.048,1,0.071,0,"",2,""
call,1,0.048,1,0.048,0,"",0,"",2,""
validation,0,"",1,0.048,1,0.071,0,"",2,""
help,1,0.048,0,"",1,0.071,0,"",2,""
investments,0,"",1,0.048,1,0.071,0,"",2,""
feed,0,"",1,0.048,1,0.071,0,"",2,""
hardware,1,0.048,1,0.048,0,"",0,"",2,""
notes,1,0.048,1,0.048,0,"",0,"",2,""
packages,0,"",2,0.097,0,"",0,"",2,""
weblogic,0,"",2,0.097,0,"",0,"",2,""
state,1,0.048,0,"",1,0.071,0,"",2,""
delete,0,"",1,0.048,0,"",1,0.091,2,""
hiveql,0,"",0,"",0,"",2,0.182,2,""
4703440250,0,"",2,0.097,0,"",0,"",2,""
frameworks,0,"",0,"",2,0.142,0,"",2,""
tde,2,0.097,0,"",0,"",0,"",2,""
features,1,0.048,1,0.048,0,"",0,"",2,""
users,1,0.048,0,"",0,"",1,0.091,2,""
basis,0,"",0,"",1,0.071,1,0.091,2,""
interface,0,"",2,0.097,0,"",0,"",2,""
reduced,1,0.048,0,"",1,0.071,0,"",2,""
assisted,0,"",0,"",2,0.142,0,"",2,""
change,1,0.048,1,0.048,0,"",0,"",2,""
way,2,0.097,0,"",0,"",0,"",2,""
css.,0,"",2,0.097,0,"",0,"",2,""
formatted,1,0.048,1,0.048,0,"",0,"",2,""
phone:,0,"",1,0.048,0,"",1,0.091,2,""
sas,0,"",2,0.097,0,"",0,"",2,""
dataframe,1,0.048,1,0.048,0,"",0,"",2,""
deep,0,"",0,"",1,0.071,1,0.091,2,""
scd2,0,"",2,0.097,0,"",0,"",2,""
amounts,1,0.048,1,0.048,0,"",0,"",2,""
bachelor,0,"",0,"",1,0.071,1,0.091,2,""
largest,0,"",0,"",2,0.142,0,"",2,""
organization,1,0.048,0,"",0,"",1,0.091,2,""
mesos,0,"",1,0.048,1,0.071,0,"",2,""
analytical,1,0.048,1,0.048,0,"",0,"",2,""
blue,0,"",2,0.097,0,"",0,"",2,""
collected,1,0.048,1,0.048,0,"",0,"",2,""
industry.,0,"",2,0.097,0,"",0,"",2,""
topologies,1,0.048,1,0.048,0,"",0,"",2,""
tune,1,0.048,0,"",1,0.071,0,"",2,""
value,1,0.048,1,0.048,0,"",0,"",2,""
star,0,"",2,0.097,0,"",0,"",2,""
"",1,0.048,1,0.048,0,"",0,"",2,""
am,2,0.097,0,"",0,"",0,"",2,""
effective,2,0.097,0,"",0,"",0,"",2,""
encryption,1,0.048,0,"",1,0.071,0,"",2,""
logstash,1,0.048,0,"",1,0.071,0,"",2,""
stack,0,"",1,0.048,1,0.071,0,"",2,""
3.0,0,"",2,0.097,0,"",0,"",2,""
tuning.,1,0.048,0,"",0,"",1,0.091,2,""
architectengineer,0,"",2,0.097,0,"",0,"",2,""
bank,0,"",1,0.048,0,"",1,0.091,2,""
point,0,"",2,0.097,0,"",0,"",2,""
attributes,1,0.048,1,0.048,0,"",0,"",2,""
image,1,0.048,1,0.048,0,"",0,"",2,""
number,1,0.048,1,0.048,0,"",0,"",2,""
product,2,0.097,0,"",0,"",0,"",2,""
funneled,0,"",0,"",0,"",2,0.182,2,""
languages,0,"",1,0.048,1,0.071,0,"",2,""
visualizations,2,0.097,0,"",0,"",0,"",2,""
physics,0,"",0,"",2,0.142,0,"",2,""
querying,1,0.048,1,0.048,0,"",0,"",2,""
topics.,0,"",0,"",0,"",2,0.182,2,""
architecting,0,"",0,"",2,0.142,0,"",2,""
execute,0,"",0,"",1,0.071,1,0.091,2,""
native,1,0.048,0,"",1,0.071,0,"",2,""
aurora,0,"",0,"",2,0.142,0,"",2,""
extensive,2,0.097,0,"",0,"",0,"",2,""
latin,0,"",2,0.097,0,"",0,"",2,""
tableau.,1,0.048,1,0.048,0,"",0,"",2,""
techniques,1,0.048,0,"",0,"",1,0.091,2,""
workflows.,1,0.048,0,"",0,"",1,0.091,2,""
electric,0,"",0,"",2,0.142,0,"",2,""
elk,0,"",0,"",2,0.142,0,"",2,""
directory,1,0.048,0,"",0,"",1,0.091,2,""
hcatalog,0,"",1,0.048,1,0.071,0,"",2,""
exception,1,0.048,1,0.048,0,"",0,"",2,""
ran,1,0.048,0,"",0,"",1,0.091,2,""
making,0,"",0,"",1,0.071,1,0.091,2,""
huge,0,"",2,0.097,0,"",0,"",2,""
onboard,0,"",2,0.097,0,"",0,"",2,""
speed,0,"",0,"",1,0.071,1,0.091,2,""
indexes.,0,"",1,0.048,1,0.071,0,"",2,""
needs.,0,"",1,0.048,1,0.071,0,"",2,""
amplifier,0,"",0,"",1,0.071,0,"",1,""
connected,1,0.048,0,"",0,"",0,"",1,""
consumer.,0,"",0,"",0,"",1,0.091,1,""
format;,1,0.048,0,"",0,"",0,"",1,""
inverted,0,"",1,0.048,0,"",0,"",1,""
involving,0,"",0,"",1,0.071,0,"",1,""
selfstarter,0,"",1,0.048,0,"",0,"",1,""
tool.,0,"",1,0.048,0,"",0,"",1,""
asee,0,"",0,"",1,0.071,0,"",1,""
bigquery.,0,"",0,"",1,0.071,0,"",1,""
highest,1,0.048,0,"",0,"",0,"",1,""
json.,0,"",1,0.048,0,"",0,"",1,""
parts,0,"",1,0.048,0,"",0,"",1,""
positive,0,"",1,0.048,0,"",0,"",1,""
received,0,"",1,0.048,0,"",0,"",1,""
routing,0,"",1,0.048,0,"",0,"",1,""
stations,0,"",0,"",1,0.071,0,"",1,""
transformhdfsnas,1,0.048,0,"",0,"",0,"",1,""
cable,0,"",0,"",1,0.071,0,"",1,""
disaster,1,0.048,0,"",0,"",0,"",1,""
evaluation,1,0.048,0,"",0,"",0,"",1,""
lent,1,0.048,0,"",0,"",0,"",1,""
peertopeer,0,"",1,0.048,0,"",0,"",1,""
transfered,1,0.048,0,"",0,"",0,"",1,""
jar,1,0.048,0,"",0,"",0,"",1,""
kubernetes,0,"",0,"",1,0.071,0,"",1,""
mirroring,1,0.048,0,"",0,"",0,"",1,""
providence,0,"",1,0.048,0,"",0,"",1,""
drives,0,"",0,"",1,0.071,0,"",1,""
expression,1,0.048,0,"",0,"",0,"",1,""
pi,0,"",0,"",1,0.071,0,"",1,""
rdd.,1,0.048,0,"",0,"",0,"",1,""
documentation,0,"",0,"",1,0.071,0,"",1,""
intelligent,0,"",0,"",1,0.071,0,"",1,""
interacted,0,"",1,0.048,0,"",0,"",1,""
mrunit.,0,"",1,0.048,0,"",0,"",1,""
reston,0,"",1,0.048,0,"",0,"",1,""
delhi,0,"",0,"",1,0.071,0,"",1,""
engaged,0,"",0,"",1,0.071,0,"",1,""
stocks,0,"",1,0.048,0,"",0,"",1,""
tez,0,"",1,0.048,0,"",0,"",1,""
uploads,1,0.048,0,"",0,"",0,"",1,""
12c,0,"",1,0.048,0,"",0,"",1,""
alabama,0,"",1,0.048,0,"",0,"",1,""
coordinators.,1,0.048,0,"",0,"",0,"",1,""
generating,0,"",1,0.048,0,"",0,"",1,""
jaspersoft,1,0.048,0,"",0,"",0,"",1,""
repositories,0,"",0,"",1,0.071,0,"",1,""
space,1,0.048,0,"",0,"",0,"",1,""
tables;,0,"",1,0.048,0,"",0,"",1,""
athena,0,"",0,"",1,0.071,0,"",1,""
company.,0,"",1,0.048,0,"",0,"",1,""
constructed,0,"",0,"",0,"",1,0.091,1,""
devops,0,"",1,0.048,0,"",0,"",1,""
estudios,0,"",1,0.048,0,"",0,"",1,""
local,0,"",1,0.048,0,"",0,"",1,""
012012062012,0,"",0,"",1,0.071,0,"",1,""
administered,1,0.048,0,"",0,"",0,"",1,""
classes,0,"",1,0.048,0,"",0,"",1,""
holding,0,"",0,"",1,0.071,0,"",1,""
udt.,0,"",1,0.048,0,"",0,"",1,""
consistency.,0,"",1,0.048,0,"",0,"",1,""
grafana,0,"",0,"",1,0.071,0,"",1,""
optimization.,0,"",0,"",1,0.071,0,"",1,""
purpose,0,"",1,0.048,0,"",0,"",1,""
tfidf,0,"",1,0.048,0,"",0,"",1,""
act,0,"",0,"",1,0.071,0,"",1,""
capabilities.,0,"",0,"",1,0.071,0,"",1,""
continually,1,0.048,0,"",0,"",0,"",1,""
mexico.,1,0.048,0,"",0,"",0,"",1,""
phases,1,0.048,0,"",0,"",0,"",1,""
validate,0,"",1,0.048,0,"",0,"",1,""
compression,1,0.048,0,"",0,"",0,"",1,""
handles,1,0.048,0,"",0,"",0,"",1,""
helping,1,0.048,0,"",0,"",0,"",1,""
marketers,0,"",0,"",1,0.071,0,"",1,""
proc,0,"",0,"",1,0.071,0,"",1,""
records.,0,"",1,0.048,0,"",0,"",1,""
revionics,0,"",1,0.048,0,"",0,"",1,""
san,0,"",1,0.048,0,"",0,"",1,""
serves,0,"",0,"",1,0.071,0,"",1,""
xpack,0,"",1,0.048,0,"",0,"",1,""
mongodb.,1,0.048,0,"",0,"",0,"",1,""
publications,0,"",1,0.048,0,"",0,"",1,""
watch.,0,"",0,"",0,"",1,0.091,1,""
peer,0,"",1,0.048,0,"",0,"",1,""
agent,0,"",1,0.048,0,"",0,"",1,""
algorithm,0,"",1,0.048,0,"",0,"",1,""
estimation.,0,"",1,0.048,0,"",0,"",1,""
jha,0,"",0,"",1,0.071,0,"",1,""
sybase,0,"",1,0.048,0,"",0,"",1,""
time.,0,"",0,"",0,"",1,0.091,1,""
virtualpoc,1,0.048,0,"",0,"",0,"",1,""
copy,0,"",1,0.048,0,"",0,"",1,""
metrics.,1,0.048,0,"",0,"",0,"",1,""
starting,1,0.048,0,"",0,"",0,"",1,""
tx,1,0.048,0,"",0,"",0,"",1,""
upload,1,0.048,0,"",0,"",0,"",1,""
broadcast,0,"",1,0.048,0,"",0,"",1,""
couchdb,0,"",0,"",1,0.071,0,"",1,""
forecasting.,1,0.048,0,"",0,"",0,"",1,""
showing,1,0.048,0,"",0,"",0,"",1,""
chicago,0,"",0,"",0,"",1,0.091,1,""
deployment,0,"",1,0.048,0,"",0,"",1,""
documents,0,"",1,0.048,0,"",0,"",1,""
island,0,"",0,"",1,0.071,0,"",1,""
low,0,"",1,0.048,0,"",0,"",1,""
modules,1,0.048,0,"",0,"",0,"",1,""
30,0,"",1,0.048,0,"",0,"",1,""
cloudsqoop,1,0.048,0,"",0,"",0,"",1,""
blocks,1,0.048,0,"",0,"",0,"",1,""
conversion,1,0.048,0,"",0,"",0,"",1,""
evaluated,1,0.048,0,"",0,"",0,"",1,""
invoking,0,"",0,"",0,"",1,0.091,1,""
upstream,1,0.048,0,"",0,"",0,"",1,""
companies,1,0.048,0,"",0,"",0,"",1,""
jira,0,"",0,"",0,"",1,0.091,1,""
md5,0,"",1,0.048,0,"",0,"",1,""
sure,1,0.048,0,"",0,"",0,"",1,""
partner,0,"",0,"",1,0.071,0,"",1,""
websites.,1,0.048,0,"",0,"",0,"",1,""
airflowanalysis,1,0.048,0,"",0,"",0,"",1,""
consumption.,0,"",0,"",0,"",1,0.091,1,""
rdds.,1,0.048,0,"",0,"",0,"",1,""
threeway,1,0.048,0,"",0,"",0,"",1,""
visio,1,0.048,0,"",0,"",0,"",1,""
2008r2,1,0.048,0,"",0,"",0,"",1,""
alabama.,0,"",0,"",1,0.071,0,"",1,""
controller.,0,"",1,0.048,0,"",0,"",1,""
ec3,0,"",0,"",0,"",1,0.091,1,""
entitled,0,"",0,"",1,0.071,0,"",1,""
parameter,0,"",1,0.048,0,"",0,"",1,""
records,0,"",1,0.048,0,"",0,"",1,""
specs,0,"",0,"",1,0.071,0,"",1,""
120node,1,0.048,0,"",0,"",0,"",1,""
bucketed,0,"",1,0.048,0,"",0,"",1,""
completed,0,"",0,"",1,0.071,0,"",1,""
parameterize,0,"",1,0.048,0,"",0,"",1,""
program.,1,0.048,0,"",0,"",0,"",1,""
success,1,0.048,0,"",0,"",0,"",1,""
2017,1,0.048,0,"",0,"",0,"",1,""
context,1,0.048,0,"",0,"",0,"",1,""
ldap,0,"",0,"",0,"",1,0.091,1,""
ldap;,1,0.048,0,"",0,"",0,"",1,""
domains,0,"",1,0.048,0,"",0,"",1,""
orm,0,"",1,0.048,0,"",0,"",1,""
page,0,"",1,0.048,0,"",0,"",1,""
performances,1,0.048,0,"",0,"",0,"",1,""
resolve,1,0.048,0,"",0,"",0,"",1,""
snappy&,1,0.048,0,"",0,"",0,"",1,""
budget.,1,0.048,0,"",0,"",0,"",1,""
core,0,"",1,0.048,0,"",0,"",1,""
implementations.,0,"",0,"",1,0.071,0,"",1,""
multinode,0,"",0,"",1,0.071,0,"",1,""
olap,0,"",1,0.048,0,"",0,"",1,""
shield,0,"",1,0.048,0,"",0,"",1,""
ways,0,"",0,"",1,0.071,0,"",1,""
5.04.0.,0,"",0,"",1,0.071,0,"",1,""
accretions,0,"",1,0.048,0,"",0,"",1,""
charles,0,"",1,0.048,0,"",0,"",1,""
commodity,0,"",1,0.048,0,"",0,"",1,""
controller,0,"",1,0.048,0,"",0,"",1,""
graphx,0,"",1,0.048,0,"",0,"",1,""
react,0,"",0,"",1,0.071,0,"",1,""
speed.,0,"",0,"",1,0.071,0,"",1,""
i.t.,0,"",0,"",0,"",1,0.091,1,""
station,1,0.048,0,"",0,"",0,"",1,""
weekly,1,0.048,0,"",0,"",0,"",1,""
aggregations.,0,"",0,"",1,0.071,0,"",1,""
economy,1,0.048,0,"",0,"",0,"",1,""
handshake.,1,0.048,0,"",0,"",0,"",1,""
investment,0,"",1,0.048,0,"",0,"",1,""
shields,0,"",0,"",1,0.071,0,"",1,""
depot,0,"",1,0.048,0,"",0,"",1,""
lean,0,"",1,0.048,0,"",0,"",1,""
mart,0,"",0,"",0,"",1,0.091,1,""
research,0,"",0,"",1,0.071,0,"",1,""
2005,1,0.048,0,"",0,"",0,"",1,""
can,1,0.048,0,"",0,"",0,"",1,""
decommission,0,"",0,"",0,"",1,0.091,1,""
deployed,1,0.048,0,"",0,"",0,"",1,""
fashioned,1,0.048,0,"",0,"",0,"",1,""
piggybank,0,"",1,0.048,0,"",0,"",1,""
schwab,0,"",1,0.048,0,"",0,"",1,""
scipy,0,"",1,0.048,0,"",0,"",1,""
concepts,0,"",0,"",1,0.071,0,"",1,""
converted,0,"",1,0.048,0,"",0,"",1,""
derived,1,0.048,0,"",0,"",0,"",1,""
enabledisable,0,"",1,0.048,0,"",0,"",1,""
extend,0,"",1,0.048,0,"",0,"",1,""
sponsor,0,"",0,"",1,0.071,0,"",1,""
automated,1,0.048,0,"",0,"",0,"",1,""
interval,1,0.048,0,"",0,"",0,"",1,""
kanban,0,"",1,0.048,0,"",0,"",1,""
notebook.,1,0.048,0,"",0,"",0,"",1,""
router,0,"",1,0.048,0,"",0,"",1,""
change.,1,0.048,0,"",0,"",0,"",1,""
communications,0,"",0,"",1,0.071,0,"",1,""
construct,0,"",0,"",1,0.071,0,"",1,""
flume;,1,0.048,0,"",0,"",0,"",1,""
grunt,0,"",1,0.048,0,"",0,"",1,""
kafkaapache,1,0.048,0,"",0,"",0,"",1,""
roi,1,0.048,0,"",0,"",0,"",1,""
scalapython,0,"",0,"",1,0.071,0,"",1,""
sqlbi,1,0.048,0,"",0,"",0,"",1,""
unknown,0,"",1,0.048,0,"",0,"",1,""
billion,0,"",0,"",0,"",1,0.091,1,""
stress,1,0.048,0,"",0,"",0,"",1,""
visualization:,0,"",0,"",0,"",1,0.091,1,""
dissertation,0,"",0,"",1,0.071,0,"",1,""
failed,1,0.048,0,"",0,"",0,"",1,""
intern,0,"",0,"",1,0.071,0,"",1,""
monthly,1,0.048,0,"",0,"",0,"",1,""
pentaho,0,"",1,0.048,0,"",0,"",1,""
authenticates,1,0.048,0,"",0,"",0,"",1,""
deployments,0,"",0,"",0,"",1,0.091,1,""
hadoopbased,1,0.048,0,"",0,"",0,"",1,""
implantation,0,"",0,"",1,0.071,0,"",1,""
filter,0,"",0,"",1,0.071,0,"",1,""
tablegenerating,0,"",0,"",0,"",1,0.091,1,""
2.32.4,0,"",0,"",1,0.071,0,"",1,""
300gbday,1,0.048,0,"",0,"",0,"",1,""
commits,1,0.048,0,"",0,"",0,"",1,""
elastisearch,1,0.048,0,"",0,"",0,"",1,""
etl.,0,"",1,0.048,0,"",0,"",1,""
indexing,0,"",1,0.048,0,"",0,"",1,""
numerous,0,"",1,0.048,0,"",0,"",1,""
top,0,"",0,"",1,0.071,0,"",1,""
architectural,1,0.048,0,"",0,"",0,"",1,""
diverse,1,0.048,0,"",0,"",0,"",1,""
mvvm,0,"",0,"",1,0.071,0,"",1,""
techniques.,0,"",0,"",0,"",1,0.091,1,""
tokenbased,1,0.048,0,"",0,"",0,"",1,""
vpc.,0,"",0,"",0,"",1,0.091,1,""
2.5,0,"",0,"",0,"",1,0.091,1,""
arlington,0,"",0,"",0,"",1,0.091,1,""
kislay,0,"",0,"",1,0.071,0,"",1,""
knockout,0,"",0,"",1,0.071,0,"",1,""
metadatadriven,1,0.048,0,"",0,"",0,"",1,""
nextgeneration,0,"",1,0.048,0,"",0,"",1,""
serialization,1,0.048,0,"",0,"",0,"",1,""
ticket,1,0.048,0,"",0,"",0,"",1,""
verify,1,0.048,0,"",0,"",0,"",1,""
links,1,0.048,0,"",0,"",0,"",1,""
needed,0,"",1,0.048,0,"",0,"",1,""
program,1,0.048,0,"",0,"",0,"",1,""
protection,1,0.048,0,"",0,"",0,"",1,""
reviewing,0,"",1,0.048,0,"",0,"",1,""
tuned,1,0.048,0,"",0,"",0,"",1,""
apatar,1,0.048,0,"",0,"",0,"",1,""
api.,0,"",0,"",0,"",1,0.091,1,""
browser,1,0.048,0,"",0,"",0,"",1,""
invoke,1,0.048,0,"",0,"",0,"",1,""
mvpd,0,"",0,"",1,0.071,0,"",1,""
average,0,"",1,0.048,0,"",0,"",1,""
bit,0,"",1,0.048,0,"",0,"",1,""
lens,0,"",0,"",0,"",1,0.091,1,""
ring,0,"",1,0.048,0,"",0,"",1,""
logical,1,0.048,0,"",0,"",0,"",1,""
maintain,0,"",1,0.048,0,"",0,"",1,""
nosqlwebhtml,1,0.048,0,"",0,"",0,"",1,""
redeploy,1,0.048,0,"",0,"",0,"",1,""
splunk,0,"",1,0.048,0,"",0,"",1,""
warehouses,0,"",0,"",1,0.071,0,"",1,""
xls,0,"",1,0.048,0,"",0,"",1,""
300,1,0.048,0,"",0,"",0,"",1,""
colmenares,0,"",1,0.048,0,"",0,"",1,""
ecosystems,1,0.048,0,"",0,"",0,"",1,""
ms,0,"",1,0.048,0,"",0,"",1,""
multicluster,0,"",0,"",0,"",1,0.091,1,""
universiarios,0,"",1,0.048,0,"",0,"",1,""
corporate,1,0.048,0,"",0,"",0,"",1,""
flinkstratosphere,0,"",0,"",0,"",1,0.091,1,""
glue,0,"",0,"",1,0.071,0,"",1,""
selfservice,1,0.048,0,"",0,"",0,"",1,""
study,0,"",1,0.048,0,"",0,"",1,""
topics,1,0.048,0,"",0,"",0,"",1,""
31,0,"",1,0.048,0,"",0,"",1,""
angular.js,0,"",0,"",1,0.071,0,"",1,""
ignite,0,"",1,0.048,0,"",0,"",1,""
jeffrey,1,0.048,0,"",0,"",0,"",1,""
piggybanks,0,"",1,0.048,0,"",0,"",1,""
100,0,"",0,"",0,"",1,0.091,1,""
critical.,1,0.048,0,"",0,"",0,"",1,""
frames,0,"",0,"",1,0.071,0,"",1,""
poc,1,0.048,0,"",0,"",0,"",1,""
programmer,0,"",1,0.048,0,"",0,"",1,""
terms,0,"",0,"",1,0.071,0,"",1,""
transparent,1,0.048,0,"",0,"",0,"",1,""
communicator.,0,"",1,0.048,0,"",0,"",1,""
conjunction,0,"",0,"",1,0.071,0,"",1,""
emr.,0,"",0,"",0,"",1,0.091,1,""
mq's,0,"",1,0.048,0,"",0,"",1,""
performancememory,0,"",0,"",1,0.071,0,"",1,""
premise,0,"",0,"",1,0.071,0,"",1,""
slomin,0,"",0,"",1,0.071,0,"",1,""
translate,1,0.048,0,"",0,"",0,"",1,""
uploaded,0,"",1,0.048,0,"",0,"",1,""
avro.,0,"",1,0.048,0,"",0,"",1,""
beach,1,0.048,0,"",0,"",0,"",1,""
bootstraposnetworkamazon,1,0.048,0,"",0,"",0,"",1,""
director,1,0.048,0,"",0,"",0,"",1,""
groups.,0,"",0,"",0,"",1,0.091,1,""
posh,0,"",0,"",1,0.071,0,"",1,""
promote,0,"",0,"",1,0.071,0,"",1,""
rate,1,0.048,0,"",0,"",0,"",1,""
70,0,"",0,"",0,"",1,0.091,1,""
intent,0,"",0,"",1,0.071,0,"",1,""
method,1,0.048,0,"",0,"",0,"",1,""
sunnyvale,1,0.048,0,"",0,"",0,"",1,""
webbased,0,"",1,0.048,0,"",0,"",1,""
zeppelin0.7.3,1,0.048,0,"",0,"",0,"",1,""
24x7,1,0.048,0,"",0,"",0,"",1,""
content,1,0.048,0,"",0,"",0,"",1,""
flowing,1,0.048,0,"",0,"",0,"",1,""
patterns,0,"",1,0.048,0,"",0,"",1,""
pulling,1,0.048,0,"",0,"",0,"",1,""
shipping,1,0.048,0,"",0,"",0,"",1,""
broker.,1,0.048,0,"",0,"",0,"",1,""
enrichment,0,"",0,"",1,0.071,0,"",1,""
era,0,"",1,0.048,0,"",0,"",1,""
gallium,0,"",0,"",1,0.071,0,"",1,""
processes.,1,0.048,0,"",0,"",0,"",1,""
programs.,0,"",1,0.048,0,"",0,"",1,""
reliable,0,"",1,0.048,0,"",0,"",1,""
sap,0,"",1,0.048,0,"",0,"",1,""
ado.net,0,"",0,"",1,0.071,0,"",1,""
comparison,1,0.048,0,"",0,"",0,"",1,""
constraints,1,0.048,0,"",0,"",0,"",1,""
solid,0,"",0,"",1,0.071,0,"",1,""
architects,0,"",1,0.048,0,"",0,"",1,""
c#.net,0,"",0,"",1,0.071,0,"",1,""
zip,1,0.048,0,"",0,"",0,"",1,""
algorithms.,0,"",1,0.048,0,"",0,"",1,""
banking,0,"",1,0.048,0,"",0,"",1,""
laboratory,0,"",0,"",1,0.071,0,"",1,""
ses,1,0.048,0,"",0,"",0,"",1,""
specific,1,0.048,0,"",0,"",0,"",1,""
beautifulsoup,1,0.048,0,"",0,"",0,"",1,""
connectors,1,0.048,0,"",0,"",0,"",1,""
dashboard,1,0.048,0,"",0,"",0,"",1,""
feedback,0,"",1,0.048,0,"",0,"",1,""
filesystemdiskspace,1,0.048,0,"",0,"",0,"",1,""
goals.,0,"",0,"",1,0.071,0,"",1,""
great,0,"",1,0.048,0,"",0,"",1,""
hiveqlsql,1,0.048,0,"",0,"",0,"",1,""
itcm,0,"",1,0.048,0,"",0,"",1,""
logics,0,"",0,"",1,0.071,0,"",1,""
plus,0,"",1,0.048,0,"",0,"",1,""
relationship,1,0.048,0,"",0,"",0,"",1,""
serversdevelopment,1,0.048,0,"",0,"",0,"",1,""
eminor,0,"",1,0.048,0,"",0,"",1,""
forms,0,"",0,"",1,0.071,0,"",1,""
administering,0,"",0,"",0,"",1,0.091,1,""
citizens,0,"",1,0.048,0,"",0,"",1,""
ease,1,0.048,0,"",0,"",0,"",1,""
initiatives,1,0.048,0,"",0,"",0,"",1,""
jdeveloper,0,"",1,0.048,0,"",0,"",1,""
output.,1,0.048,0,"",0,"",0,"",1,""
python.,1,0.048,0,"",0,"",0,"",1,""
efficiencies,1,0.048,0,"",0,"",0,"",1,""
loads,1,0.048,0,"",0,"",0,"",1,""
n.c.,1,0.048,0,"",0,"",0,"",1,""
policies,0,"",0,"",0,"",1,0.091,1,""
udaf,0,"",0,"",0,"",1,0.091,1,""
volume,1,0.048,0,"",0,"",0,"",1,""
mechanisms,1,0.048,0,"",0,"",0,"",1,""
pandas,0,"",1,0.048,0,"",0,"",1,""
toend,1,0.048,0,"",0,"",0,"",1,""
10+,0,"",1,0.048,0,"",0,"",1,""
alarms,0,"",1,0.048,0,"",0,"",1,""
greatly,1,0.048,0,"",0,"",0,"",1,""
http,1,0.048,0,"",0,"",0,"",1,""
preproduction,0,"",0,"",1,0.071,0,"",1,""
presentations,0,"",0,"",1,0.071,0,"",1,""
validations.,0,"",1,0.048,0,"",0,"",1,""
connectivity,1,0.048,0,"",0,"",0,"",1,""
docker,0,"",0,"",1,0.071,0,"",1,""
gathering,0,"",1,0.048,0,"",0,"",1,""
graph,1,0.048,0,"",0,"",0,"",1,""
inventory,1,0.048,0,"",0,"",0,"",1,""
package,0,"",1,0.048,0,"",0,"",1,""
pantaho,1,0.048,0,"",0,"",0,"",1,""
vpc,0,"",0,"",1,0.071,0,"",1,""
builtin,0,"",1,0.048,0,"",0,"",1,""
deployment.,0,"",1,0.048,0,"",0,"",1,""
harden,1,0.048,0,"",0,"",0,"",1,""
procedural,0,"",1,0.048,0,"",0,"",1,""
scenarios,0,"",1,0.048,0,"",0,"",1,""
suntrust,0,"",1,0.048,0,"",0,"",1,""
buckets.,0,"",1,0.048,0,"",0,"",1,""
located,0,"",0,"",1,0.071,0,"",1,""
ontime,1,0.048,0,"",0,"",0,"",1,""
schedulers.,1,0.048,0,"",0,"",0,"",1,""
plan.,0,"",0,"",1,0.071,0,"",1,""
queuing,0,"",1,0.048,0,"",0,"",1,""
framessql,0,"",1,0.048,0,"",0,"",1,""
kislayjha000@gmail.com,0,"",0,"",1,0.071,0,"",1,""
languagestypessystemsinfrastructuretoolshadoop,1,0.048,0,"",0,"",0,"",1,""
nonprimary,0,"",1,0.048,0,"",0,"",1,""
programmeranalyst,0,"",1,0.048,0,"",0,"",1,""
quality;,1,0.048,0,"",0,"",0,"",1,""
resource,1,0.048,0,"",0,"",0,"",1,""
servers.,1,0.048,0,"",0,"",0,"",1,""
txt,0,"",1,0.048,0,"",0,"",1,""
virtualizationcloud,1,0.048,0,"",0,"",0,"",1,""
backed,1,0.048,0,"",0,"",0,"",1,""
contribution,1,0.048,0,"",0,"",0,"",1,""
disciplines,0,"",0,"",1,0.071,0,"",1,""
eventdriven,0,"",0,"",0,"",1,0.091,1,""
guillén[pic],0,"",1,0.048,0,"",0,"",1,""
hana,0,"",1,0.048,0,"",0,"",1,""
lockslong,1,0.048,0,"",0,"",0,"",1,""
meetings,0,"",0,"",1,0.071,0,"",1,""
requests,1,0.048,0,"",0,"",0,"",1,""
42gbday,1,0.048,0,"",0,"",0,"",1,""
bulk,0,"",1,0.048,0,"",0,"",1,""
cloud.,1,0.048,0,"",0,"",0,"",1,""
ensuring,1,0.048,0,"",0,"",0,"",1,""
marketing,1,0.048,0,"",0,"",0,"",1,""
old,0,"",0,"",0,"",1,0.091,1,""
tomcat,0,"",1,0.048,0,"",0,"",1,""
variables,0,"",1,0.048,0,"",0,"",1,""
actively,0,"",1,0.048,0,"",0,"",1,""
ensured,0,"",0,"",0,"",1,0.091,1,""
pojo,0,"",1,0.048,0,"",0,"",1,""
specifications,0,"",1,0.048,0,"",0,"",1,""
subqueries,1,0.048,0,"",0,"",0,"",1,""
code.,0,"",1,0.048,0,"",0,"",1,""
methodology.,0,"",1,0.048,0,"",0,"",1,""
sme,0,"",1,0.048,0,"",0,"",1,""
duplicate,0,"",0,"",1,0.071,0,"",1,""
issues,1,0.048,0,"",0,"",0,"",1,""
u.s.,0,"",0,"",1,0.071,0,"",1,""
variables.,0,"",1,0.048,0,"",0,"",1,""
alwayson,1,0.048,0,"",0,"",0,"",1,""
derby,0,"",1,0.048,0,"",0,"",1,""
headquartered,0,"",0,"",1,0.071,0,"",1,""
light–,1,0.048,0,"",0,"",0,"",1,""
removal,0,"",1,0.048,0,"",0,"",1,""
ri,0,"",1,0.048,0,"",0,"",1,""
accordance,0,"",0,"",1,0.071,0,"",1,""
beautifulsoup.,1,0.048,0,"",0,"",0,"",1,""
filters,1,0.048,0,"",0,"",0,"",1,""
hdf,1,0.048,0,"",0,"",0,"",1,""
html5,0,"",0,"",1,0.071,0,"",1,""
metastore,0,"",1,0.048,0,"",0,"",1,""
onpremise,0,"",0,"",0,"",1,0.091,1,""
permissions.,1,0.048,0,"",0,"",0,"",1,""
referential,1,0.048,0,"",0,"",0,"",1,""
sales,0,"",1,0.048,0,"",0,"",1,""
ssl,0,"",0,"",1,0.071,0,"",1,""
successful,0,"",1,0.048,0,"",0,"",1,""
tsql,0,"",0,"",1,0.071,0,"",1,""
4.04.0,0,"",0,"",1,0.071,0,"",1,""
contracted,0,"",0,"",1,0.071,0,"",1,""
cycle,1,0.048,0,"",0,"",0,"",1,""
knox.,0,"",0,"",0,"",1,0.091,1,""
ql,0,"",1,0.048,0,"",0,"",1,""
statics,0,"",1,0.048,0,"",0,"",1,""
subsidiaries,0,"",0,"",1,0.071,0,"",1,""
configurations,0,"",0,"",0,"",1,0.091,1,""
jstl,0,"",1,0.048,0,"",0,"",1,""
modelling,1,0.048,0,"",0,"",0,"",1,""
9173389629,0,"",0,"",1,0.071,0,"",1,""
compress,1,0.048,0,"",0,"",0,"",1,""
connecting,0,"",1,0.048,0,"",0,"",1,""
detailed,1,0.048,0,"",0,"",0,"",1,""
excited,1,0.048,0,"",0,"",0,"",1,""
ides,0,"",1,0.048,0,"",0,"",1,""
resolving,0,"",0,"",0,"",1,0.091,1,""
aws3,1,0.048,0,"",0,"",0,"",1,""
broad,0,"",0,"",1,0.071,0,"",1,""
capability,1,0.048,0,"",0,"",0,"",1,""
de,0,"",1,0.048,0,"",0,"",1,""
udfs.,1,0.048,0,"",0,"",0,"",1,""
extending,0,"",0,"",0,"",1,0.091,1,""
gathered,0,"",1,0.048,0,"",0,"",1,""
incorporate,0,"",1,0.048,0,"",0,"",1,""
varies,1,0.048,0,"",0,"",0,"",1,""
fashion.,1,0.048,0,"",0,"",0,"",1,""
netezza,0,"",1,0.048,0,"",0,"",1,""
sdlc,0,"",0,"",0,"",1,0.091,1,""
communication.,0,"",0,"",1,0.071,0,"",1,""
innovative,0,"",0,"",1,0.071,0,"",1,""
jupyter,0,"",1,0.048,0,"",0,"",1,""
cassandra.,0,"",0,"",0,"",1,0.091,1,""
databricks,0,"",1,0.048,0,"",0,"",1,""
internet”,0,"",0,"",1,0.071,0,"",1,""
noida,0,"",0,"",1,0.071,0,"",1,""
wcf,0,"",0,"",1,0.071,0,"",1,""
fetch,1,0.048,0,"",0,"",0,"",1,""
lab.,1,0.048,0,"",0,"",0,"",1,""
monitor,0,"",0,"",0,"",1,0.091,1,""
more.,0,"",1,0.048,0,"",0,"",1,""
processors,0,"",1,0.048,0,"",0,"",1,""
trust,0,"",0,"",0,"",1,0.091,1,""
versioning,0,"",1,0.048,0,"",0,"",1,""
capture,1,0.048,0,"",0,"",0,"",1,""
executive,0,"",0,"",1,0.071,0,"",1,""
gbi,1,0.048,0,"",0,"",0,"",1,""
gemini”,0,"",0,"",1,0.071,0,"",1,""
investments.,1,0.048,0,"",0,"",0,"",1,""
years’,0,"",1,0.048,0,"",0,"",1,""
basis.,1,0.048,0,"",0,"",0,"",1,""
con,1,0.048,0,"",0,"",0,"",1,""
db,1,0.048,0,"",0,"",0,"",1,""
dbs.,1,0.048,0,"",0,"",0,"",1,""
gradle,0,"",0,"",0,"",1,0.091,1,""
installing,0,"",1,0.048,0,"",0,"",1,""
lending,1,0.048,0,"",0,"",0,"",1,""
nas,0,"",1,0.048,0,"",0,"",1,""
polytechnic,0,"",0,"",0,"",1,0.091,1,""
portal,0,"",1,0.048,0,"",0,"",1,""
remove,0,"",0,"",1,0.071,0,"",1,""
staples.,0,"",1,0.048,0,"",0,"",1,""
345,0,"",0,"",1,0.071,0,"",1,""
112016present,0,"",0,"",1,0.071,0,"",1,""
cost,0,"",0,"",1,0.071,0,"",1,""
focus,0,"",0,"",1,0.071,0,"",1,""
luis,0,"",1,0.048,0,"",0,"",1,""
mining,0,"",0,"",1,0.071,0,"",1,""
that.,1,0.048,0,"",0,"",0,"",1,""
workload,0,"",0,"",0,"",1,0.091,1,""
delimited,0,"",0,"",0,"",1,0.091,1,""
lowes,0,"",1,0.048,0,"",0,"",1,""
messaging,0,"",1,0.048,0,"",0,"",1,""
ui.,1,0.048,0,"",0,"",0,"",1,""
dataset,1,0.048,0,"",0,"",0,"",1,""
elasticcloud,1,0.048,0,"",0,"",0,"",1,""
front,0,"",1,0.048,0,"",0,"",1,""
haoop,0,"",0,"",1,0.071,0,"",1,""
roles.,1,0.048,0,"",0,"",0,"",1,""
sync,0,"",0,"",0,"",1,0.091,1,""
versioning.,0,"",0,"",0,"",1,0.091,1,""
zones,0,"",0,"",0,"",1,0.091,1,""
firm,1,0.048,0,"",0,"",0,"",1,""
manipulate,1,0.048,0,"",0,"",0,"",1,""
movement,0,"",0,"",1,0.071,0,"",1,""
polls,1,0.048,0,"",0,"",0,"",1,""
email,0,"",0,"",1,0.071,0,"",1,""
player,0,"",1,0.048,0,"",0,"",1,""
accumulators,0,"",1,0.048,0,"",0,"",1,""
arbitron  columbia,0,"",0,"",0,"",1,0.091,1,""
minutes,1,0.048,0,"",0,"",0,"",1,""
poste,0,"",0,"",1,0.071,0,"",1,""
runs,1,0.048,0,"",0,"",0,"",1,""
scrapersapache,1,0.048,0,"",0,"",0,"",1,""
supporting,0,"",1,0.048,0,"",0,"",1,""
4.4.1,0,"",1,0.048,0,"",0,"",1,""
basic,0,"",0,"",1,0.071,0,"",1,""
conditions,1,0.048,0,"",0,"",0,"",1,""
full,0,"",1,0.048,0,"",0,"",1,""
aggregator,0,"",0,"",1,0.071,0,"",1,""
ar,1,0.048,0,"",0,"",0,"",1,""
ear,0,"",1,0.048,0,"",0,"",1,""
latest,0,"",0,"",0,"",1,0.091,1,""
nodes.,0,"",0,"",0,"",1,0.091,1,""
ontological,0,"",1,0.048,0,"",0,"",1,""
operating,0,"",0,"",0,"",1,0.091,1,""
reusable,0,"",1,0.048,0,"",0,"",1,""
apple’s,1,0.048,0,"",0,"",0,"",1,""
austin,1,0.048,0,"",0,"",0,"",1,""
enrique,0,"",1,0.048,0,"",0,"",1,""
heka,1,0.048,0,"",0,"",0,"",1,""
module,0,"",1,0.048,0,"",0,"",1,""
scd1,0,"",1,0.048,0,"",0,"",1,""
snowball,0,"",0,"",1,0.071,0,"",1,""
userdefined,1,0.048,0,"",0,"",0,"",1,""
year,0,"",0,"",1,0.071,0,"",1,""
media,1,0.048,0,"",0,"",0,"",1,""
scriptella,1,0.048,0,"",0,"",0,"",1,""
talendnodes,1,0.048,0,"",0,"",0,"",1,""
travel–,1,0.048,0,"",0,"",0,"",1,""
beta,1,0.048,0,"",0,"",0,"",1,""
difference,1,0.048,0,"",0,"",0,"",1,""
messagedriven,0,"",1,0.048,0,"",0,"",1,""
social,1,0.048,0,"",0,"",0,"",1,""
sql:,0,"",0,"",0,"",1,0.091,1,""
transactions,0,"",1,0.048,0,"",0,"",1,""
alerts,0,"",1,0.048,0,"",0,"",1,""
openrefine,1,0.048,0,"",0,"",0,"",1,""
schematic.,0,"",1,0.048,0,"",0,"",1,""
vantage,0,"",0,"",1,0.071,0,"",1,""
cloveretl,1,0.048,0,"",0,"",0,"",1,""
drive,1,0.048,0,"",0,"",0,"",1,""
failure,1,0.048,0,"",0,"",0,"",1,""
illinois,1,0.048,0,"",0,"",0,"",1,""
imports,0,"",0,"",0,"",1,0.091,1,""
insightful,0,"",0,"",0,"",1,0.091,1,""
moves,1,0.048,0,"",0,"",0,"",1,""
tofrom,1,0.048,0,"",0,"",0,"",1,""
took,0,"",1,0.048,0,"",0,"",1,""
whole,1,0.048,0,"",0,"",0,"",1,""
compressions,1,0.048,0,"",0,"",0,"",1,""
deliverables,0,"",0,"",1,0.071,0,"",1,""
enabling,0,"",1,0.048,0,"",0,"",1,""
extended,0,"",1,0.048,0,"",0,"",1,""
jaxrpc,0,"",1,0.048,0,"",0,"",1,""
long,0,"",0,"",1,0.071,0,"",1,""
pdi,1,0.048,0,"",0,"",0,"",1,""
performing,0,"",1,0.048,0,"",0,"",1,""
resources,0,"",0,"",0,"",1,0.091,1,""
retail,0,"",1,0.048,0,"",0,"",1,""
serializing,0,"",0,"",0,"",1,0.091,1,""
automateschedule,1,0.048,0,"",0,"",0,"",1,""
aws;,1,0.048,0,"",0,"",0,"",1,""
connections,1,0.048,0,"",0,"",0,"",1,""
injection,0,"",1,0.048,0,"",0,"",1,""
publish,1,0.048,0,"",0,"",0,"",1,""
second,0,"",0,"",1,0.071,0,"",1,""
array,0,"",0,"",1,0.071,0,"",1,""
customers,0,"",0,"",1,0.071,0,"",1,""
florida,1,0.048,0,"",0,"",0,"",1,""
redshift.,0,"",0,"",0,"",1,0.091,1,""
smartdraw,1,0.048,0,"",0,"",0,"",1,""
traditional,1,0.048,0,"",0,"",0,"",1,""
4.0,0,"",0,"",1,0.071,0,"",1,""
eqm,0,"",1,0.048,0,"",0,"",1,""
grids,0,"",0,"",1,0.071,0,"",1,""
herokuubuntu,1,0.048,0,"",0,"",0,"",1,""
ayala,0,"",1,0.048,0,"",0,"",1,""
fl,1,0.048,0,"",0,"",0,"",1,""
lifelong,0,"",1,0.048,0,"",0,"",1,""
offices,0,"",0,"",1,0.071,0,"",1,""
studio,0,"",0,"",0,"",1,0.091,1,""
additional,0,"",1,0.048,0,"",0,"",1,""
ant,0,"",1,0.048,0,"",0,"",1,""
sentry.,1,0.048,0,"",0,"",0,"",1,""
similar,1,0.048,0,"",0,"",0,"",1,""
53,1,0.048,0,"",0,"",0,"",1,""
compression.,0,"",1,0.048,0,"",0,"",1,""
due,1,0.048,0,"",0,"",0,"",1,""
edsebi.,1,0.048,0,"",0,"",0,"",1,""
epsilon,0,"",0,"",1,0.071,0,"",1,""
longterm,0,"",0,"",1,0.071,0,"",1,""
utilizes,0,"",1,0.048,0,"",0,"",1,""
app.,0,"",0,"",1,0.071,0,"",1,""
date,0,"",1,0.048,0,"",0,"",1,""
devices,0,"",1,0.048,0,"",0,"",1,""
scholarship,0,"",0,"",1,0.071,0,"",1,""
shells,0,"",1,0.048,0,"",0,"",1,""
strong,1,0.048,0,"",0,"",0,"",1,""
wcustom,0,"",1,0.048,0,"",0,"",1,""
al,0,"",1,0.048,0,"",0,"",1,""
angularjs.,0,"",1,0.048,0,"",0,"",1,""
authors:,0,"",1,0.048,0,"",0,"",1,""
broadband,0,"",0,"",1,0.071,0,"",1,""
ca,1,0.048,0,"",0,"",0,"",1,""
cards,1,0.048,0,"",0,"",0,"",1,""
dashboard.,0,"",0,"",0,"",1,0.091,1,""
function,0,"",0,"",0,"",1,0.091,1,""
precision.,0,"",0,"",1,0.071,0,"",1,""
report.,0,"",1,0.048,0,"",0,"",1,""
write,0,"",1,0.048,0,"",0,"",1,""
certificates,0,"",0,"",1,0.071,0,"",1,""
coordinated,0,"",1,0.048,0,"",0,"",1,""
finetuned,0,"",0,"",0,"",1,0.091,1,""
scrum,0,"",1,0.048,0,"",0,"",1,""
senior,0,"",1,0.048,0,"",0,"",1,""
foundry,0,"",1,0.048,0,"",0,"",1,""
mumbai,0,"",0,"",1,0.071,0,"",1,""
udtf,0,"",0,"",0,"",1,0.091,1,""
followed,0,"",1,0.048,0,"",0,"",1,""
hadoopbig,0,"",0,"",0,"",1,0.091,1,""
rdbms.,1,0.048,0,"",0,"",0,"",1,""
ant.,0,"",1,0.048,0,"",0,"",1,""
commercials,0,"",0,"",1,0.071,0,"",1,""
company’s,0,"",0,"",1,0.071,0,"",1,""
drdo,0,"",0,"",1,0.071,0,"",1,""
generation,0,"",1,0.048,0,"",0,"",1,""
mapper.,0,"",1,0.048,0,"",0,"",1,""
space:,0,"",1,0.048,0,"",0,"",1,""
aspects,0,"",0,"",1,0.071,0,"",1,""
circuit,0,"",0,"",1,0.071,0,"",1,""
frameworks.,0,"",0,"",1,0.071,0,"",1,""
mariadb,0,"",0,"",1,0.071,0,"",1,""
migration.,1,0.048,0,"",0,"",0,"",1,""
million,0,"",0,"",1,0.071,0,"",1,""
streamlining,1,0.048,0,"",0,"",0,"",1,""
2007,1,0.048,0,"",0,"",0,"",1,""
aws”,0,"",0,"",0,"",1,0.091,1,""
click,0,"",0,"",0,"",1,0.091,1,""
dynamodb.,1,0.048,0,"",0,"",0,"",1,""
realtimenear,1,0.048,0,"",0,"",0,"",1,""
csx,0,"",1,0.048,0,"",0,"",1,""
e.g.,1,0.048,0,"",0,"",0,"",1,""
effectively,1,0.048,0,"",0,"",0,"",1,""
instances.,1,0.048,0,"",0,"",0,"",1,""
nitride,0,"",0,"",1,0.071,0,"",1,""
policy.,1,0.048,0,"",0,"",0,"",1,""
save,0,"",1,0.048,0,"",0,"",1,""
selection,1,0.048,0,"",0,"",0,"",1,""
sort,0,"",0,"",1,0.071,0,"",1,""
accustomed,1,0.048,0,"",0,"",0,"",1,""
documenting,1,0.048,0,"",0,"",0,"",1,""
drakepipelinehadoop,1,0.048,0,"",0,"",0,"",1,""
eds,1,0.048,0,"",0,"",0,"",1,""
glacier,0,"",0,"",0,"",1,0.091,1,""
hours,0,"",0,"",0,"",1,0.091,1,""
increasing,1,0.048,0,"",0,"",0,"",1,""
joins.,1,0.048,0,"",0,"",0,"",1,""
ketl,1,0.048,0,"",0,"",0,"",1,""
improve,1,0.048,0,"",0,"",0,"",1,""
ingested,0,"",1,0.048,0,"",0,"",1,""
redis,0,"",0,"",1,0.071,0,"",1,""
team.,1,0.048,0,"",0,"",0,"",1,""
wpf,0,"",0,"",1,0.071,0,"",1,""
passionate,0,"",1,0.048,0,"",0,"",1,""
plan,0,"",1,0.048,0,"",0,"",1,""
programing,0,"",0,"",1,0.071,0,"",1,""
solrkibana,1,0.048,0,"",0,"",0,"",1,""
behalf,0,"",0,"",1,0.071,0,"",1,""
clear,1,0.048,0,"",0,"",0,"",1,""
ml,1,0.048,0,"",0,"",0,"",1,""
oozie.,0,"",1,0.048,0,"",0,"",1,""
ptc,0,"",1,0.048,0,"",0,"",1,""
250000,1,0.048,0,"",0,"",0,"",1,""
banks,1,0.048,0,"",0,"",0,"",1,""
compute,0,"",0,"",0,"",1,0.091,1,""
degree,1,0.048,0,"",0,"",0,"",1,""
identifying,0,"",1,0.048,0,"",0,"",1,""
jr.,0,"",1,0.048,0,"",0,"",1,""
peng,0,"",0,"",0,"",1,0.091,1,""
tablet.,1,0.048,0,"",0,"",0,"",1,""
vast,1,0.048,0,"",0,"",0,"",1,""
bucketing.,0,"",0,"",1,0.071,0,"",1,""
css<,1,0.048,0,"",0,"",0,"",1,""
division.,0,"",1,0.048,0,"",0,"",1,""
empowered,0,"",0,"",1,0.071,0,"",1,""
silos,0,"",0,"",1,0.071,0,"",1,""
snapshots,0,"",0,"",0,"",1,0.091,1,""
video,0,"",0,"",1,0.071,0,"",1,""
workflow.,0,"",1,0.048,0,"",0,"",1,""
js.,0,"",0,"",1,0.071,0,"",1,""
millions,0,"",0,"",0,"",1,0.091,1,""
wellversed,0,"",0,"",1,0.071,0,"",1,""
[pic][pic][pic][pic],0,"",1,0.048,0,"",0,"",1,""
delivery,1,0.048,0,"",0,"",0,"",1,""
designing”.,0,"",0,"",1,0.071,0,"",1,""
details,0,"",0,"",1,0.071,0,"",1,""
instituto,0,"",1,0.048,0,"",0,"",1,""
list,0,"",0,"",0,"",1,0.091,1,""
transformations.,0,"",0,"",1,0.071,0,"",1,""
travelers,1,0.048,0,"",0,"",0,"",1,""
academic,0,"",0,"",1,0.071,0,"",1,""
pair,1,0.048,0,"",0,"",0,"",1,""
snappydatabasesql,1,0.048,0,"",0,"",0,"",1,""
tex,0,"",0,"",1,0.071,0,"",1,""
upgrade.,0,"",0,"",0,"",1,0.091,1,""
entrepreneurial,1,0.048,0,"",0,"",0,"",1,""
juno,1,0.048,0,"",0,"",0,"",1,""
nodes;,0,"",0,"",0,"",1,0.091,1,""
acro,1,0.048,0,"",0,"",0,"",1,""
admin,0,"",0,"",0,"",1,0.091,1,""
artificial,0,"",1,0.048,0,"",0,"",1,""
backup,0,"",0,"",0,"",1,0.091,1,""
decisions.,1,0.048,0,"",0,"",0,"",1,""
destination,0,"",1,0.048,0,"",0,"",1,""
elkarchitecturenodes,1,0.048,0,"",0,"",0,"",1,""
scientistsdata,0,"",0,"",1,0.071,0,"",1,""
single,0,"",1,0.048,0,"",0,"",1,""
troy,0,"",0,"",0,"",1,0.091,1,""
walmart,1,0.048,0,"",0,"",0,"",1,""
40+,0,"",0,"",0,"",1,0.091,1,""
activities.,1,0.048,0,"",0,"",0,"",1,""
upsilon,0,"",0,"",1,0.071,0,"",1,""
8+,0,"",0,"",1,0.071,0,"",1,""
ansi,0,"",0,"",1,0.071,0,"",1,""
audit,1,0.048,0,"",0,"",0,"",1,""
batcha,0,"",1,0.048,0,"",0,"",1,""
das,0,"",1,0.048,0,"",0,"",1,""
defense,0,"",0,"",1,0.071,0,"",1,""
error,0,"",0,"",1,0.071,0,"",1,""
interests,0,"",1,0.048,0,"",0,"",1,""
microwave,0,"",0,"",1,0.071,0,"",1,""
preprocessing,0,"",1,0.048,0,"",0,"",1,""
assessmeent,0,"",1,0.048,0,"",0,"",1,""
bachelor’s,1,0.048,0,"",0,"",0,"",1,""
claim,0,"",1,0.048,0,"",0,"",1,""
facilitate,0,"",1,0.048,0,"",0,"",1,""
gliffy,1,0.048,0,"",0,"",0,"",1,""
group–,0,"",1,0.048,0,"",0,"",1,""
useed,0,"",0,"",1,0.071,0,"",1,""
behavior,0,"",1,0.048,0,"",0,"",1,""
command,0,"",0,"",0,"",1,0.091,1,""
crud,0,"",1,0.048,0,"",0,"",1,""
electronics,0,"",1,0.048,0,"",0,"",1,""
jsp.,0,"",1,0.048,0,"",0,"",1,""
builder,0,"",1,0.048,0,"",0,"",1,""
centered,1,0.048,0,"",0,"",0,"",1,""
edupristine,0,"",0,"",1,0.071,0,"",1,""
executing,0,"",1,0.048,0,"",0,"",1,""
feature,0,"",0,"",0,"",1,0.091,1,""
methodology,0,"",1,0.048,0,"",0,"",1,""
objects,0,"",1,0.048,0,"",0,"",1,""
platforms.,1,0.048,0,"",0,"",0,"",1,""
s2tm,0,"",1,0.048,0,"",0,"",1,""
sandbox,1,0.048,0,"",0,"",0,"",1,""
updating,1,0.048,0,"",0,"",0,"",1,""
3.5754.0,0,"",0,"",1,0.071,0,"",1,""
agent.,0,"",0,"",0,"",1,0.091,1,""
amount,0,"",1,0.048,0,"",0,"",1,""
approaches,0,"",0,"",0,"",1,0.091,1,""
aspects.,0,"",1,0.048,0,"",0,"",1,""
collaborated,0,"",0,"",0,"",1,0.091,1,""
customizations.,1,0.048,0,"",0,"",0,"",1,""
important,0,"",0,"",0,"",1,0.091,1,""
industries,1,0.048,0,"",0,"",0,"",1,""
ioc,0,"",1,0.048,0,"",0,"",1,""
littleton,0,"",1,0.048,0,"",0,"",1,""
qubole,1,0.048,0,"",0,"",0,"",1,""
svn,0,"",0,"",0,"",1,0.091,1,""
tableauadministrationetl,1,0.048,0,"",0,"",0,"",1,""
tailor,0,"",1,0.048,0,"",0,"",1,""
agency.,1,0.048,0,"",0,"",0,"",1,""
debugging,0,"",0,"",1,0.071,0,"",1,""
junit.,0,"",1,0.048,0,"",0,"",1,""
moved,1,0.048,0,"",0,"",0,"",1,""
notes.,1,0.048,0,"",0,"",0,"",1,""
slots,0,"",1,0.048,0,"",0,"",1,""
tfs,1,0.048,0,"",0,"",0,"",1,""
url,0,"",1,0.048,0,"",0,"",1,""
carbondale,1,0.048,0,"",0,"",0,"",1,""
hiveql.,1,0.048,0,"",0,"",0,"",1,""
neatbeans,0,"",1,0.048,0,"",0,"",1,""
phoenix,0,"",1,0.048,0,"",0,"",1,""
vertica.,1,0.048,0,"",0,"",0,"",1,""
areas.,0,"",0,"",1,0.071,0,"",1,""
clean,0,"",1,0.048,0,"",0,"",1,""
costbased,0,"",0,"",1,0.071,0,"",1,""
creation,0,"",1,0.048,0,"",0,"",1,""
interpersonal,0,"",1,0.048,0,"",0,"",1,""
meet,1,0.048,0,"",0,"",0,"",1,""
myshield,0,"",0,"",1,0.071,0,"",1,""
recovery,1,0.048,0,"",0,"",0,"",1,""
roadmaps.,1,0.048,0,"",0,"",0,"",1,""
scooped,1,0.048,0,"",0,"",0,"",1,""
subqueries.,1,0.048,0,"",0,"",0,"",1,""
authentication.,1,0.048,0,"",0,"",0,"",1,""
benefit,1,0.048,0,"",0,"",0,"",1,""
executor,0,"",0,"",0,"",1,0.091,1,""
fileformats,1,0.048,0,"",0,"",0,"",1,""
hybrid,0,"",0,"",1,0.071,0,"",1,""
leverage,0,"",1,0.048,0,"",0,"",1,""
rensselaer,0,"",0,"",0,"",1,0.091,1,""
case,1,0.048,0,"",0,"",0,"",1,""
learner,0,"",1,0.048,0,"",0,"",1,""
structures,0,"",1,0.048,0,"",0,"",1,""
tb,1,0.048,0,"",0,"",0,"",1,""
addressability,0,"",0,"",1,0.071,0,"",1,""
awards,0,"",0,"",1,0.071,0,"",1,""
crucial,1,0.048,0,"",0,"",0,"",1,""
decommissioning,0,"",1,0.048,0,"",0,"",1,""
interoperable,0,"",1,0.048,0,"",0,"",1,""
misc,0,"",0,"",0,"",1,0.091,1,""
multiscreen,0,"",0,"",1,0.071,0,"",1,""
sqooping,1,0.048,0,"",0,"",0,"",1,""
technologies,0,"",0,"",1,0.071,0,"",1,""
xml's,0,"",1,0.048,0,"",0,"",1,""
etls,0,"",0,"",1,0.071,0,"",1,""
monitors,1,0.048,0,"",0,"",0,"",1,""
orchestration,0,"",0,"",1,0.071,0,"",1,""
static,0,"",1,0.048,0,"",0,"",1,""
timely,1,0.048,0,"",0,"",0,"",1,""
querysearch,0,"",0,"",0,"",1,0.091,1,""
retrieval,0,"",0,"",0,"",1,0.091,1,""
sensor,0,"",0,"",1,0.071,0,"",1,""
streams,0,"",0,"",1,0.071,0,"",1,""
20,1,0.048,0,"",0,"",0,"",1,""
commissioning,0,"",1,0.048,0,"",0,"",1,""
console,0,"",0,"",0,"",1,0.091,1,""
funnel,0,"",0,"",1,0.071,0,"",1,""
hooked,0,"",0,"",0,"",1,0.091,1,""
sla's.,0,"",0,"",0,"",1,0.091,1,""
things”,0,"",0,"",1,0.071,0,"",1,""
bb&t.,1,0.048,0,"",0,"",0,"",1,""
bteq,0,"",1,0.048,0,"",0,"",1,""
communicated,0,"",0,"",1,0.071,0,"",1,""
coordination,0,"",0,"",0,"",1,0.091,1,""
correlated,1,0.048,0,"",0,"",0,"",1,""
once,0,"",0,"",1,0.071,0,"",1,""
sqlite,0,"",0,"",1,0.071,0,"",1,""
managers.,1,0.048,0,"",0,"",0,"",1,""
petabyte,0,"",0,"",0,"",1,0.091,1,""
react.js,0,"",0,"",1,0.071,0,"",1,""
solution,0,"",0,"",0,"",1,0.091,1,""
stores,0,"",0,"",1,0.071,0,"",1,""
alchemysql,1,0.048,0,"",0,"",0,"",1,""
classification,0,"",1,0.048,0,"",0,"",1,""
cleansing.,1,0.048,0,"",0,"",0,"",1,""
comparing,1,0.048,0,"",0,"",0,"",1,""
ecosystemhive,1,0.048,0,"",0,"",0,"",1,""
manner.,1,0.048,0,"",0,"",0,"",1,""
northern,0,"",0,"",0,"",1,0.091,1,""
onpremmicrosoft,1,0.048,0,"",0,"",0,"",1,""
persistent,0,"",1,0.048,0,"",0,"",1,""
properties,0,"",1,0.048,0,"",0,"",1,""
sample,0,"",1,0.048,0,"",0,"",1,""
business.,1,0.048,0,"",0,"",0,"",1,""
chose,0,"",0,"",1,0.071,0,"",1,""
stitch,1,0.048,0,"",0,"",0,"",1,""
3+,0,"",0,"",0,"",1,0.091,1,""
captured,0,"",0,"",1,0.071,0,"",1,""
reiher,1,0.048,0,"",0,"",0,"",1,""
s2tm's,0,"",1,0.048,0,"",0,"",1,""
sensors,1,0.048,0,"",0,"",0,"",1,""
ssdt,1,0.048,0,"",0,"",0,"",1,""
tidalcontrol,0,"",1,0.048,0,"",0,"",1,""
classes.,0,"",1,0.048,0,"",0,"",1,""
cleaning.,1,0.048,0,"",0,"",0,"",1,""
hosts.,0,"",1,0.048,0,"",0,"",1,""
july,0,"",1,0.048,0,"",0,"",1,""
loader,0,"",1,0.048,0,"",0,"",1,""
scratch,0,"",0,"",1,0.071,0,"",1,""
speech,0,"",1,0.048,0,"",0,"",1,""
steaming,1,0.048,0,"",0,"",0,"",1,""
ability,0,"",0,"",1,0.071,0,"",1,""
diff,1,0.048,0,"",0,"",0,"",1,""
keyspaces.,0,"",1,0.048,0,"",0,"",1,""
common,0,"",0,"",0,"",1,0.091,1,""
omnigrafflefilesavro,1,0.048,0,"",0,"",0,"",1,""
usage,0,"",0,"",1,0.071,0,"",1,""
052015112016,0,"",0,"",1,0.071,0,"",1,""
10,1,0.048,0,"",0,"",0,"",1,""
bentonville,1,0.048,0,"",0,"",0,"",1,""
information.,0,"",0,"",0,"",1,0.091,1,""
key,0,"",1,0.048,0,"",0,"",1,""
lucidchart,1,0.048,0,"",0,"",0,"",1,""
significant,1,0.048,0,"",0,"",0,"",1,""
tickets,0,"",0,"",0,"",1,0.091,1,""
unsuccessful,0,"",1,0.048,0,"",0,"",1,""
billing,1,0.048,0,"",0,"",0,"",1,""
massively,0,"",0,"",1,0.071,0,"",1,""
well.,0,"",1,0.048,0,"",0,"",1,""
connection,1,0.048,0,"",0,"",0,"",1,""
flink,0,"",0,"",1,0.071,0,"",1,""
honor,0,"",0,"",1,0.071,0,"",1,""
install,0,"",0,"",0,"",1,0.091,1,""
projects,1,0.048,0,"",0,"",0,"",1,""
36tb,1,0.048,0,"",0,"",0,"",1,""
awarded,0,"",0,"",1,0.071,0,"",1,""
challenges,0,"",0,"",1,0.071,0,"",1,""
checks.,1,0.048,0,"",0,"",0,"",1,""
dataproc,0,"",0,"",1,0.071,0,"",1,""
storage.,0,"",0,"",1,0.071,0,"",1,""
archival,1,0.048,0,"",0,"",0,"",1,""
deserializing,0,"",0,"",0,"",1,0.091,1,""
function's,0,"",0,"",0,"",1,0.091,1,""
chris,0,"",0,"",0,"",1,0.091,1,""
easy,0,"",1,0.048,0,"",0,"",1,""
oracle10g,0,"",1,0.048,0,"",0,"",1,""
ownership,0,"",1,0.048,0,"",0,"",1,""
swarm,0,"",0,"",1,0.071,0,"",1,""
communication,0,"",0,"",1,0.071,0,"",1,""
controlling,1,0.048,0,"",0,"",0,"",1,""
happybase,0,"",1,0.048,0,"",0,"",1,""
inform,1,0.048,0,"",0,"",0,"",1,""
inserts,0,"",1,0.048,0,"",0,"",1,""
manager.,1,0.048,0,"",0,"",0,"",1,""
scheduling.,0,"",0,"",1,0.071,0,"",1,""
sqlspark,0,"",1,0.048,0,"",0,"",1,""
streaminggoogle,1,0.048,0,"",0,"",0,"",1,""
cloudbased,0,"",0,"",1,0.071,0,"",1,""
dimension,0,"",1,0.048,0,"",0,"",1,""
fileszookeeper,1,0.048,0,"",0,"",0,"",1,""
jaxws,0,"",1,0.048,0,"",0,"",1,""
limited,1,0.048,0,"",0,"",0,"",1,""
patnab,1,0.048,0,"",0,"",0,"",1,""
responsibilities,0,"",1,0.048,0,"",0,"",1,""
targets,0,"",0,"",1,0.071,0,"",1,""
currently,0,"",0,"",1,0.071,0,"",1,""
georgia,0,"",0,"",1,0.071,0,"",1,""
increase,0,"",0,"",1,0.071,0,"",1,""
onprem,0,"",0,"",1,0.071,0,"",1,""
organizing,1,0.048,0,"",0,"",0,"",1,""
production.,0,"",1,0.048,0,"",0,"",1,""
results,1,0.048,0,"",0,"",0,"",1,""
searchlucene,1,0.048,0,"",0,"",0,"",1,""
wainpure,1,0.048,0,"",0,"",0,"",1,""
bpel,0,"",1,0.048,0,"",0,"",1,""
cleaningdatacleaner,1,0.048,0,"",0,"",0,"",1,""
dockers,0,"",0,"",1,0.071,0,"",1,""
insert,0,"",1,0.048,0,"",0,"",1,""
larger,0,"",0,"",0,"",1,0.091,1,""
studies,0,"",1,0.048,0,"",0,"",1,""
technologies.,1,0.048,0,"",0,"",0,"",1,""
home,0,"",1,0.048,0,"",0,"",1,""
ngram,0,"",1,0.048,0,"",0,"",1,""
tungsten,0,"",0,"",1,0.071,0,"",1,""
columnoriented,0,"",0,"",0,"",1,0.091,1,""
libraries,1,0.048,0,"",0,"",0,"",1,""
micro,0,"",1,0.048,0,"",0,"",1,""
portlets,0,"",1,0.048,0,"",0,"",1,""
professional.,0,"",1,0.048,0,"",0,"",1,""
uat,0,"",1,0.048,0,"",0,"",1,""
costeffective,1,0.048,0,"",0,"",0,"",1,""
efficiently,1,0.048,0,"",0,"",0,"",1,""
inmemory,0,"",0,"",0,"",1,0.091,1,""
mergers,0,"",0,"",1,0.071,0,"",1,""
contents,0,"",0,"",0,"",1,0.091,1,""
hivebased,0,"",1,0.048,0,"",0,"",1,""
hivesqoop,0,"",0,"",1,0.071,0,"",1,""
insurance  chicago,0,"",0,"",0,"",1,0.091,1,""
scalability.,0,"",0,"",1,0.071,0,"",1,""
sink,1,0.048,0,"",0,"",0,"",1,""
calculate,0,"",0,"",1,0.071,0,"",1,""
columns,0,"",1,0.048,0,"",0,"",1,""
issues.,0,"",0,"",0,"",1,0.091,1,""
microservices,0,"",0,"",1,0.071,0,"",1,""
pipe,0,"",0,"",1,0.071,0,"",1,""
schedules,1,0.048,0,"",0,"",0,"",1,""
text,0,"",0,"",0,"",1,0.091,1,""
bau.,0,"",1,0.048,0,"",0,"",1,""
cross,0,"",1,0.048,0,"",0,"",1,""
expansion,0,"",0,"",1,0.071,0,"",1,""
steam,0,"",0,"",1,0.071,0,"",1,""
assure,1,0.048,0,"",0,"",0,"",1,""
ecosystem.,0,"",1,0.048,0,"",0,"",1,""
monitorprofiler,1,0.048,0,"",0,"",0,"",1,""
multitenant.,0,"",0,"",1,0.071,0,"",1,""
release,0,"",1,0.048,0,"",0,"",1,""
sspl,0,"",0,"",1,0.071,0,"",1,""
autowired,0,"",1,0.048,0,"",0,"",1,""
consumed,1,0.048,0,"",0,"",0,"",1,""
defects,0,"",1,0.048,0,"",0,"",1,""
sponsors.,0,"",0,"",1,0.071,0,"",1,""
base,0,"",1,0.048,0,"",0,"",1,""
center,0,"",1,0.048,0,"",0,"",1,""
coalesce,1,0.048,0,"",0,"",0,"",1,""
delivering,0,"",1,0.048,0,"",0,"",1,""
handling.,1,0.048,0,"",0,"",0,"",1,""
issue.,0,"",1,0.048,0,"",0,"",1,""
merge,0,"",0,"",1,0.071,0,"",1,""
pages,0,"",1,0.048,0,"",0,"",1,""
post,0,"",0,"",0,"",1,0.091,1,""
preparing,0,"",1,0.048,0,"",0,"",1,""
sanorc,1,0.048,0,"",0,"",0,"",1,""
skills.,0,"",1,0.048,0,"",0,"",1,""
structure,0,"",0,"",0,"",1,0.091,1,""
unique,1,0.048,0,"",0,"",0,"",1,""
0620120214,0,"",0,"",1,0.071,0,"",1,""
fivetran,1,0.048,0,"",0,"",0,"",1,""
hash,0,"",1,0.048,0,"",0,"",1,""
locations.,0,"",0,"",1,0.071,0,"",1,""
right,1,0.048,0,"",0,"",0,"",1,""
defect,1,0.048,0,"",0,"",0,"",1,""
fixing,0,"",1,0.048,0,"",0,"",1,""
learn,0,"",1,0.048,0,"",0,"",1,""
mode,1,0.048,0,"",0,"",0,"",1,""
specified,0,"",1,0.048,0,"",0,"",1,""
thinking,0,"",1,0.048,0,"",0,"",1,""
cases,1,0.048,0,"",0,"",0,"",1,""
corresponding,0,"",1,0.048,0,"",0,"",1,""
customization,0,"",1,0.048,0,"",0,"",1,""
enrichment.,0,"",0,"",1,0.071,0,"",1,""
protectionapache,1,0.048,0,"",0,"",0,"",1,""
scd,0,"",0,"",1,0.071,0,"",1,""
committed,1,0.048,0,"",0,"",0,"",1,""
contained,1,0.048,0,"",0,"",0,"",1,""
drop,1,0.048,0,"",0,"",0,"",1,""
mock,0,"",1,0.048,0,"",0,"",1,""
nosql:,0,"",0,"",0,"",1,0.091,1,""
route,1,0.048,0,"",0,"",0,"",1,""
scripts.,0,"",1,0.048,0,"",0,"",1,""
written,0,"",0,"",0,"",1,0.091,1,""
hicksville,0,"",0,"",1,0.071,0,"",1,""
hivepresto,1,0.048,0,"",0,"",0,"",1,""
spa,0,"",1,0.048,0,"",0,"",1,""
zeppelin’s,1,0.048,0,"",0,"",0,"",1,""
addresses,0,"",1,0.048,0,"",0,"",1,""
integrity,1,0.048,0,"",0,"",0,"",1,""
mongodbarangodb,0,"",0,"",1,0.071,0,"",1,""
credit,1,0.048,0,"",0,"",0,"",1,""
libraries.,1,0.048,0,"",0,"",0,"",1,""
powerbi,0,"",1,0.048,0,"",0,"",1,""
scenarios.,0,"",1,0.048,0,"",0,"",1,""
simple,1,0.048,0,"",0,"",0,"",1,""
standardization,1,0.048,0,"",0,"",0,"",1,""
message,0,"",1,0.048,0,"",0,"",1,""
modules.,0,"",1,0.048,0,"",0,"",1,""
side,1,0.048,0,"",0,"",0,"",1,""
azkaban.,1,0.048,0,"",0,"",0,"",1,""
ip,0,"",1,0.048,0,"",0,"",1,""
line,0,"",0,"",0,"",1,0.091,1,""
md,0,"",0,"",0,"",1,0.091,1,""
organized,0,"",1,0.048,0,"",0,"",1,""
products,0,"",0,"",0,"",1,0.091,1,""
sme's,0,"",1,0.048,0,"",0,"",1,""
blueprint,0,"",1,0.048,0,"",0,"",1,""
give,0,"",1,0.048,0,"",0,"",1,""
remote,1,0.048,0,"",0,"",0,"",1,""
analytic,0,"",0,"",1,0.071,0,"",1,""
columns.,0,"",1,0.048,0,"",0,"",1,""
impalainformatica,1,0.048,0,"",0,"",0,"",1,""
maintaining,0,"",0,"",0,"",1,0.091,1,""
rebuilds,1,0.048,0,"",0,"",0,"",1,""
streamed,0,"",0,"",0,"",1,0.091,1,""
brought,0,"",0,"",1,0.071,0,"",1,""
hueetldatabase,1,0.048,0,"",0,"",0,"",1,""
thirdparty,0,"",0,"",1,0.071,0,"",1,""
ibm,0,"",1,0.048,0,"",0,"",1,""
maprdb,0,"",1,0.048,0,"",0,"",1,""
vincente,0,"",1,0.048,0,"",0,"",1,""
snapshots.,0,"",0,"",0,"",1,0.091,1,""
xmlstorage,1,0.048,0,"",0,"",0,"",1,""
dependency,0,"",1,0.048,0,"",0,"",1,""
framework.,0,"",1,0.048,0,"",0,"",1,""
marathon,0,"",0,"",1,0.071,0,"",1,""
mentored,1,0.048,0,"",0,"",0,"",1,""
synonyms,1,0.048,0,"",0,"",0,"",1,""
aggregating,0,"",0,"",0,"",1,0.091,1,""
bb&t,1,0.048,0,"",0,"",0,"",1,""
channels,0,"",0,"",1,0.071,0,"",1,""
churn,1,0.048,0,"",0,"",0,"",1,""
highlevel,0,"",1,0.048,0,"",0,"",1,""
suggestimplement,0,"",1,0.048,0,"",0,"",1,""
base.,0,"",0,"",1,0.071,0,"",1,""
jdbc,1,0.048,0,"",0,"",0,"",1,""
benchmarking,1,0.048,0,"",0,"",0,"",1,""
kemper,0,"",0,"",0,"",1,0.091,1,""
place,0,"",0,"",1,0.071,0,"",1,""
reportinghive,1,0.048,0,"",0,"",0,"",1,""
soap+get+post,0,"",0,"",1,0.071,0,"",1,""
sources.,0,"",1,0.048,0,"",0,"",1,""
022014052015,0,"",0,"",1,0.071,0,"",1,""
amazed,1,0.048,0,"",0,"",0,"",1,""
angularjs,0,"",0,"",1,0.071,0,"",1,""
calculations,1,0.048,0,"",0,"",0,"",1,""
complete,1,0.048,0,"",0,"",0,"",1,""
cybersecurity,0,"",1,0.048,0,"",0,"",1,""
independently,1,0.048,0,"",0,"",0,"",1,""
ingest,0,"",0,"",1,0.071,0,"",1,""
lookup,0,"",0,"",1,0.071,0,"",1,""
started,0,"",1,0.048,0,"",0,"",1,""
backupsecurity.,1,0.048,0,"",0,"",0,"",1,""
behavior.,0,"",1,0.048,0,"",0,"",1,""
completion,0,"",1,0.048,0,"",0,"",1,""
cosma,0,"",1,0.048,0,"",0,"",1,""
experienced,0,"",1,0.048,0,"",0,"",1,""
offering,0,"",0,"",1,0.071,0,"",1,""
share,1,0.048,0,"",0,"",0,"",1,""
spotfie,0,"",1,0.048,0,"",0,"",1,""
supported,1,0.048,0,"",0,"",0,"",1,""
assessment,0,"",1,0.048,0,"",0,"",1,""
disk,1,0.048,0,"",0,"",0,"",1,""
ieee,0,"",1,0.048,0,"",0,"",1,""
pivot,0,"",0,"",1,0.071,0,"",1,""
pointing,0,"",1,0.048,0,"",0,"",1,""
resources.,0,"",0,"",0,"",1,0.091,1,""
sourced,1,0.048,0,"",0,"",0,"",1,""
winstonsalem,1,0.048,0,"",0,"",0,"",1,""
dead,1,0.048,0,"",0,"",0,"",1,""
hawq,0,"",1,0.048,0,"",0,"",1,""
monolithic,0,"",0,"",1,0.071,0,"",1,""
views.,1,0.048,0,"",0,"",0,"",1,""
amazonaws,0,"",0,"",1,0.071,0,"",1,""
bomr,0,"",1,0.048,0,"",0,"",1,""
caching.,0,"",0,"",0,"",1,0.091,1,""
performance.,0,"",0,"",0,"",1,0.091,1,""
accounts.,1,0.048,0,"",0,"",0,"",1,""
beans.,0,"",1,0.048,0,"",0,"",1,""
chart,1,0.048,0,"",0,"",0,"",1,""
ioc.,0,"",1,0.048,0,"",0,"",1,""
mapside,0,"",0,"",1,0.071,0,"",1,""
objective,1,0.048,0,"",0,"",0,"",1,""
pull,0,"",0,"",1,0.071,0,"",1,""
balanced,1,0.048,0,"",0,"",0,"",1,""
inspections.,0,"",1,0.048,0,"",0,"",1,""
longrunning,0,"",0,"",0,"",1,0.091,1,""
offered,0,"",0,"",1,0.071,0,"",1,""
swing,0,"",1,0.048,0,"",0,"",1,""
bunch,0,"",0,"",0,"",1,0.091,1,""
drag,1,0.048,0,"",0,"",0,"",1,""
format.,0,"",1,0.048,0,"",0,"",1,""
pre,0,"",1,0.048,0,"",0,"",1,""
